time(ms),error signal,control signal,feedback signal
0,255,232.05,232.05
3,22.95,97.155,97.155
7,157.845,225.446,225.446
11,29.5545,157.338,157.338
15,97.6625,227.501,227.501
19,27.4989,193.653,193.653
23,61.3474,232.366,232.366
26,22.6341,215.928,215.928
30,39.0718,237.512,237.512
35,17.4876,229.808,229.808
38,25.1919,241.988,241.988
42,13.0118,238.584,238.584
46,16.4163,245.551,245.551
50,9.44869,244.205,244.205
54,10.7946,248.251,248.251
58,6.74868,247.848,247.848
62,7.15166,250.236,250.236
66,4.76437,250.233,250.233
70,4.76743,251.665,251.665
74,3.33537,251.806,251.806
78,3.194,252.679,252.679
82,2.32062,252.852,252.852
86,2.14846,253.393,253.393
90,1.60722,253.55,253.55
94,1.4498,253.891,253.891
98,1.10931,254.019,254.019
102,0.980809,254.236,254.236
106,0.763667,254.335,254.335
110,0.664852,254.475,254.475
114,0.524686,254.549,254.549
118,0.45138,254.64,254.64
122,0.359949,254.693,254.693
126,0.306823,254.753,254.753
130,0.246652,254.791,254.791
134,0.208759,254.831,254.831
138,0.168867,254.858,254.858
142,0.142142,254.884,254.884
146,0.115534,254.903,254.903
150,0.0968387,254.921,254.921
154,0.0790045,254.934,254.934
158,0.0660037,254.946,254.946
162,0.0540031,254.955,254.955
166,0.0450025,254.963,254.963
170,0.0369021,254.969,254.969
174,0.0306917,254.975,254.975
178,0.0252104,254.979,254.979
182,0.0209361,254.983,254.983
186,0.0172199,254.986,254.986
191,0.0142836,254.988,254.988
195,0.0117603,254.99,254.99
199,0.00974621,254.992,254.992
203,0.00803079,254.993,254.993
207,0.0066508,254.995,254.995
211,0.00548355,254.995,254.995
215,0.00453884,254.996,254.996
219,0.00374402,254.997,254.997
223,0.0030977,254.997,254.997
227,0.00255618,254.998,254.998
231,0.00211424,254.998,254.998
235,0.00174513,254.999,254.999
239,0.00144306,254.999,254.999
243,0.00119138,254.999,254.999
246,0.000984973,254.999,254.999
250,0.000813328,254.999,254.999
253,0.000672317,254.999,254.999
257,0.000555229,255,255
261,0.000458913,255,255
265,0.000379028,255,255
269,0.000313251,255,255
273,0.000258742,255,255
277,0.000213825,255,255
281,0.000176628,255,255
286,0.000145957,255,255
290,0.000120572,255,255
294,9.96317e-05,255,255
298,8.23066e-05,255,255
302,6.80097e-05,255,255
306,5.61849e-05,255,255
310,4.64243e-05,255,255
314,3.83534e-05,255,255
318,3.16899e-05,255,255
322,2.6181e-05,255,255
326,2.16321e-05,255,255
330,1.78718e-05,255,255
334,1.47664e-05,255,255
338,1.21997e-05,255,255
342,1.00798e-05,255,255
346,8.32782e-06,255,255
350,6.88068e-06,255,255
354,5.68476e-06,255,255
358,4.69688e-06,255,255
362,3.88055e-06,255,255
366,3.20618e-06,255,255
370,2.64895e-06,255,255
374,2.1886e-06,255,255
378,1.80823e-06,255,255
382,1.49399e-06,255,255
386,1.23434e-06,255,255
390,1.01982e-06,255,255
394,8.42584e-07,255,255
398,6.96153e-07,255,255
402,5.75166e-07,255,255
406,4.75209e-07,255,255
409,3.9262e-07,255,255
414,3.24387e-07,255,255
418,2.68011e-07,255,255
422,2.21433e-07,255,255
426,1.8295e-07,255,255
430,1.51155e-07,255,255
434,1.24885e-07,255,255
438,1.03182e-07,255,255
442,8.52494e-08,255,255
446,7.04339e-08,255,255
450,5.8193e-08,255,255
454,4.80796e-08,255,255
458,3.97238e-08,255,255
462,3.28201e-08,255,255
466,2.71163e-08,255,255
470,2.24037e-08,255,255
474,1.85101e-08,255,255
478,1.52932e-08,255,255
482,1.26354e-08,255,255
486,1.04395e-08,255,255
490,8.62519e-09,255,255
494,7.1262e-09,255,255
498,5.8877e-09,255,255
502,4.86452e-09,255,255
506,4.01906e-09,255,255
510,3.32059e-09,255,255
514,2.74352e-09,255,255
518,2.26672e-09,255,255
522,1.87279e-09,255,255
526,1.54731e-09,255,255
530,1.27841e-09,255,255
534,1.05624e-09,255,255
538,8.7266e-10,255,255
542,7.2103e-10,255,255
546,5.95691e-10,255,255
550,4.92179e-10,255,255
554,4.06658e-10,255,255
558,3.35945e-10,255,255
562,2.77595e-10,255,255
566,2.29335e-10,255,255
570,1.89488e-10,255,255
574,1.56547e-10,255,255
578,1.29347e-10,255,255
582,1.06837e-10,255,255
586,8.83063e-11,255,255
590,7.29301e-11,255,255
594,6.0254e-11,255,255
598,4.97948e-11,255,255
602,4.11546e-11,255,255
606,3.39639e-11,255,255
610,2.81091e-11,255,255
614,2.31921e-11,255,255
618,1.91562e-11,255,255
622,1.58877e-11,255,255
626,1.3074e-11,255,255
630,1.08287e-11,255,255
634,8.92442e-12,255,255
638,7.41807e-12,255,255
642,6.08225e-12,255,255
646,5.11591e-12,255,255
650,4.14957e-12,255,255
654,3.43903e-12,255,255
658,2.84217e-12,255,255
662,2.359e-12,255,255
666,1.93268e-12,255,255
670,1.62004e-12,255,255
674,1.33582e-12,255,255
678,1.08002e-12,255,255
682,9.37916e-13,255,255
686,7.38964e-13,255,255
690,6.53699e-13,255,255
694,5.11591e-13,255,255
698,4.54747e-13,255,255
702,3.41061e-13,255,255
706,3.12639e-13,255,255
710,2.27374e-13,255,255
714,1.98952e-13,255,255
718,1.7053e-13,255,255
722,1.13687e-13,255,255
726,1.13687e-13,255,255
730,8.52651e-14,255,255
734,5.68434e-14,255,255
738,5.68434e-14,255,255
742,5.68434e-14,255,255
746,5.68434e-14,255,255
750,5.68434e-14,255,255
754,5.68434e-14,255,255
758,5.68434e-14,255,255
762,5.68434e-14,255,255
766,5.68434e-14,255,255
770,5.68434e-14,255,255
774,5.68434e-14,255,255
778,5.68434e-14,255,255
782,5.68434e-14,255,255
786,5.68434e-14,255,255
790,5.68434e-14,255,255
794,5.68434e-14,255,255
798,5.68434e-14,255,255
802,5.68434e-14,255,255
806,5.68434e-14,255,255
810,5.68434e-14,255,255
814,5.68434e-14,255,255
818,5.68434e-14,255,255
822,5.68434e-14,255,255
826,5.68434e-14,255,255
830,5.68434e-14,255,255
834,5.68434e-14,255,255
838,5.68434e-14,255,255
842,5.68434e-14,255,255
846,5.68434e-14,255,255
850,5.68434e-14,255,255
854,5.68434e-14,255,255
858,5.68434e-14,255,255
862,5.68434e-14,255,255
866,5.68434e-14,255,255
870,5.68434e-14,255,255
873,5.68434e-14,255,255
877,5.68434e-14,255,255
882,5.68434e-14,255,255
886,5.68434e-14,255,255
890,5.68434e-14,255,255
894,5.68434e-14,255,255
898,5.68434e-14,255,255
902,5.68434e-14,255,255
906,5.68434e-14,255,255
910,5.68434e-14,255,255
914,5.68434e-14,255,255
918,5.68434e-14,255,255
922,5.68434e-14,255,255
926,5.68434e-14,255,255
930,5.68434e-14,255,255
934,5.68434e-14,255,255
938,5.68434e-14,255,255
942,5.68434e-14,255,255
946,5.68434e-14,255,255
950,5.68434e-14,255,255
954,5.68434e-14,255,255
958,5.68434e-14,255,255
962,5.68434e-14,255,255
966,5.68434e-14,255,255
970,5.68434e-14,255,255
974,5.68434e-14,255,255
978,5.68434e-14,255,255
982,5.68434e-14,255,255
986,5.68434e-14,255,255
990,5.68434e-14,255,255
994,5.68434e-14,255,255
998,5.68434e-14,255,255
1002,5.68434e-14,255,255
1006,5.68434e-14,255,255
1010,5.68434e-14,255,255
1014,5.68434e-14,255,255
1018,5.68434e-14,255,255
1022,5.68434e-14,255,255
1026,5.68434e-14,255,255
1030,5.68434e-14,255,255
1034,5.68434e-14,255,255
1038,5.68434e-14,255,255
1042,5.68434e-14,255,255
1046,5.68434e-14,255,255
1050,5.68434e-14,255,255
1053,5.68434e-14,255,255
1057,5.68434e-14,255,255
1062,5.68434e-14,255,255
1066,5.68434e-14,255,255
1070,5.68434e-14,255,255
1074,5.68434e-14,255,255
1078,5.68434e-14,255,255
1082,5.68434e-14,255,255
1086,5.68434e-14,255,255
1090,5.68434e-14,255,255
1094,5.68434e-14,255,255
1098,5.68434e-14,255,255
1102,5.68434e-14,255,255
1106,5.68434e-14,255,255
1110,5.68434e-14,255,255
1114,5.68434e-14,255,255
1118,5.68434e-14,255,255
1122,5.68434e-14,255,255
1126,5.68434e-14,255,255
1130,5.68434e-14,255,255
1134,5.68434e-14,255,255
1138,5.68434e-14,255,255
1142,5.68434e-14,255,255
1146,5.68434e-14,255,255
1150,5.68434e-14,255,255
1154,5.68434e-14,255,255
1158,5.68434e-14,255,255
1162,5.68434e-14,255,255
1166,5.68434e-14,255,255
1170,5.68434e-14,255,255
1174,5.68434e-14,255,255
1178,5.68434e-14,255,255
1182,5.68434e-14,255,255
1186,5.68434e-14,255,255
1190,5.68434e-14,255,255
1194,5.68434e-14,255,255
1198,5.68434e-14,255,255
1202,5.68434e-14,255,255
1206,5.68434e-14,255,255
1210,5.68434e-14,255,255
1214,5.68434e-14,255,255
1218,5.68434e-14,255,255
1222,5.68434e-14,255,255
1226,5.68434e-14,255,255
1230,5.68434e-14,255,255
1234,5.68434e-14,255,255
1238,5.68434e-14,255,255
1242,5.68434e-14,255,255
1246,5.68434e-14,255,255
1250,5.68434e-14,255,255
1254,5.68434e-14,255,255
1258,5.68434e-14,255,255
1262,5.68434e-14,255,255
1266,5.68434e-14,255,255
1270,5.68434e-14,255,255
1274,5.68434e-14,255,255
1278,5.68434e-14,255,255
1282,5.68434e-14,255,255
1286,5.68434e-14,255,255
1290,5.68434e-14,255,255
1294,5.68434e-14,255,255
1298,5.68434e-14,255,255
1302,5.68434e-14,255,255
1306,5.68434e-14,255,255
1310,5.68434e-14,255,255
1314,5.68434e-14,255,255
1318,5.68434e-14,255,255
1322,5.68434e-14,255,255
1326,5.68434e-14,255,255
1330,5.68434e-14,255,255
1334,5.68434e-14,255,255
1337,5.68434e-14,255,255
1341,5.68434e-14,255,255
1345,5.68434e-14,255,255
1349,5.68434e-14,255,255
1353,5.68434e-14,255,255
1357,5.68434e-14,255,255
1361,5.68434e-14,255,255
1365,5.68434e-14,255,255
1369,5.68434e-14,255,255
1373,5.68434e-14,255,255
1377,5.68434e-14,255,255
1381,5.68434e-14,255,255
1385,5.68434e-14,255,255
1389,5.68434e-14,255,255
1393,5.68434e-14,255,255
1397,5.68434e-14,255,255
1401,5.68434e-14,255,255
1405,5.68434e-14,255,255
1409,5.68434e-14,255,255
1413,5.68434e-14,255,255
1417,5.68434e-14,255,255
1421,5.68434e-14,255,255
1425,5.68434e-14,255,255
1429,5.68434e-14,255,255
1433,5.68434e-14,255,255
1437,5.68434e-14,255,255
1441,5.68434e-14,255,255
1445,5.68434e-14,255,255
1449,5.68434e-14,255,255
1453,5.68434e-14,255,255
1457,5.68434e-14,255,255
1461,5.68434e-14,255,255
1465,5.68434e-14,255,255
1469,5.68434e-14,255,255
1473,5.68434e-14,255,255
1477,5.68434e-14,255,255
1481,5.68434e-14,255,255
1485,5.68434e-14,255,255
1488,5.68434e-14,255,255
1492,5.68434e-14,255,255
1496,5.68434e-14,255,255
1500,5.68434e-14,255,255
1504,5.68434e-14,255,255
1508,5.68434e-14,255,255
1512,5.68434e-14,255,255
1516,5.68434e-14,255,255
1520,5.68434e-14,255,255
1524,5.68434e-14,255,255
1528,5.68434e-14,255,255
1532,5.68434e-14,255,255
1536,5.68434e-14,255,255
1540,5.68434e-14,255,255
1544,5.68434e-14,255,255
1548,5.68434e-14,255,255
1552,5.68434e-14,255,255
1556,5.68434e-14,255,255
1560,5.68434e-14,255,255
1564,5.68434e-14,255,255
1568,5.68434e-14,255,255
1572,5.68434e-14,255,255
1576,5.68434e-14,255,255
1580,5.68434e-14,255,255
1584,5.68434e-14,255,255
1588,5.68434e-14,255,255
1592,5.68434e-14,255,255
1596,5.68434e-14,255,255
1600,5.68434e-14,255,255
1604,5.68434e-14,255,255
1608,5.68434e-14,255,255
1612,5.68434e-14,255,255
1616,5.68434e-14,255,255
1619,5.68434e-14,255,255
1623,5.68434e-14,255,255
1627,5.68434e-14,255,255
1631,5.68434e-14,255,255
1635,5.68434e-14,255,255
1639,5.68434e-14,255,255
1643,5.68434e-14,255,255
1647,5.68434e-14,255,255
1651,5.68434e-14,255,255
1655,5.68434e-14,255,255
1659,5.68434e-14,255,255
1663,5.68434e-14,255,255
1667,5.68434e-14,255,255
1671,5.68434e-14,255,255
1675,5.68434e-14,255,255
1679,5.68434e-14,255,255
1683,5.68434e-14,255,255
1687,5.68434e-14,255,255
1691,5.68434e-14,255,255
1695,5.68434e-14,255,255
1699,5.68434e-14,255,255
1703,5.68434e-14,255,255
1707,5.68434e-14,255,255
1711,5.68434e-14,255,255
1715,5.68434e-14,255,255
1719,5.68434e-14,255,255
1723,5.68434e-14,255,255
1727,5.68434e-14,255,255
1731,5.68434e-14,255,255
1735,5.68434e-14,255,255
1739,5.68434e-14,255,255
1743,5.68434e-14,255,255
1747,5.68434e-14,255,255
1751,5.68434e-14,255,255
1755,5.68434e-14,255,255
1759,5.68434e-14,255,255
1763,5.68434e-14,255,255
1767,5.68434e-14,255,255
1771,5.68434e-14,255,255
1775,5.68434e-14,255,255
1779,5.68434e-14,255,255
1782,5.68434e-14,255,255
1786,5.68434e-14,255,255
1790,5.68434e-14,255,255
1794,5.68434e-14,255,255
1798,5.68434e-14,255,255
1802,5.68434e-14,255,255
1806,5.68434e-14,255,255
1810,5.68434e-14,255,255
1814,5.68434e-14,255,255
1818,5.68434e-14,255,255
1822,5.68434e-14,255,255
1826,5.68434e-14,255,255
1830,5.68434e-14,255,255
1834,5.68434e-14,255,255
1838,5.68434e-14,255,255
1842,5.68434e-14,255,255
1846,5.68434e-14,255,255
1850,5.68434e-14,255,255
1854,5.68434e-14,255,255
1858,5.68434e-14,255,255
1862,5.68434e-14,255,255
1866,5.68434e-14,255,255
1870,5.68434e-14,255,255
1874,5.68434e-14,255,255
1878,5.68434e-14,255,255
1882,5.68434e-14,255,255
1886,5.68434e-14,255,255
1890,5.68434e-14,255,255
1894,5.68434e-14,255,255
1898,5.68434e-14,255,255
1902,5.68434e-14,255,255
1906,5.68434e-14,255,255
1910,5.68434e-14,255,255
1914,5.68434e-14,255,255
1918,5.68434e-14,255,255
1922,5.68434e-14,255,255
1926,5.68434e-14,255,255
1930,5.68434e-14,255,255
1934,5.68434e-14,255,255
1938,5.68434e-14,255,255
1942,5.68434e-14,255,255
1946,5.68434e-14,255,255
1950,5.68434e-14,255,255
1954,5.68434e-14,255,255
1958,5.68434e-14,255,255
1962,5.68434e-14,255,255
1966,5.68434e-14,255,255
1970,5.68434e-14,255,255
1974,5.68434e-14,255,255
1978,5.68434e-14,255,255
1982,5.68434e-14,255,255
1986,5.68434e-14,255,255
1990,5.68434e-14,255,255
1994,5.68434e-14,255,255
1998,5.68434e-14,255,255
2002,5.68434e-14,255,255
2006,5.68434e-14,255,255
2010,5.68434e-14,255,255
2014,5.68434e-14,255,255
2018,5.68434e-14,255,255
2022,5.68434e-14,255,255
2026,5.68434e-14,255,255
2030,5.68434e-14,255,255
2034,5.68434e-14,255,255
2038,5.68434e-14,255,255
2042,5.68434e-14,255,255
2046,5.68434e-14,255,255
2050,5.68434e-14,255,255
2054,5.68434e-14,255,255
2058,5.68434e-14,255,255
2062,5.68434e-14,255,255
2066,5.68434e-14,255,255
2070,5.68434e-14,255,255
2074,5.68434e-14,255,255
2078,5.68434e-14,255,255
2082,5.68434e-14,255,255
2086,5.68434e-14,255,255
2090,5.68434e-14,255,255
2094,5.68434e-14,255,255
2098,5.68434e-14,255,255
2102,5.68434e-14,255,255
2106,5.68434e-14,255,255
2110,5.68434e-14,255,255
2114,5.68434e-14,255,255
2118,5.68434e-14,255,255
2121,5.68434e-14,255,255
2125,5.68434e-14,255,255
2129,5.68434e-14,255,255
2133,5.68434e-14,255,255
2137,5.68434e-14,255,255
2141,5.68434e-14,255,255
2145,5.68434e-14,255,255
2149,5.68434e-14,255,255
2153,5.68434e-14,255,255
2157,5.68434e-14,255,255
2161,5.68434e-14,255,255
2165,5.68434e-14,255,255
2169,5.68434e-14,255,255
2173,5.68434e-14,255,255
2177,5.68434e-14,255,255
2181,5.68434e-14,255,255
2185,5.68434e-14,255,255
2189,5.68434e-14,255,255
2193,5.68434e-14,255,255
2197,5.68434e-14,255,255
2201,5.68434e-14,255,255
2205,5.68434e-14,255,255
2209,5.68434e-14,255,255
2213,5.68434e-14,255,255
2217,5.68434e-14,255,255
2220,5.68434e-14,255,255
2224,5.68434e-14,255,255
2228,5.68434e-14,255,255
2232,5.68434e-14,255,255
2236,5.68434e-14,255,255
2240,5.68434e-14,255,255
2244,5.68434e-14,255,255
2248,5.68434e-14,255,255
2252,5.68434e-14,255,255
2256,5.68434e-14,255,255
2260,5.68434e-14,255,255
2264,5.68434e-14,255,255
2268,5.68434e-14,255,255
2272,5.68434e-14,255,255
2276,5.68434e-14,255,255
2280,5.68434e-14,255,255
2284,5.68434e-14,255,255
2288,5.68434e-14,255,255
2292,5.68434e-14,255,255
2296,5.68434e-14,255,255
2300,5.68434e-14,255,255
2304,5.68434e-14,255,255
2308,5.68434e-14,255,255
2312,5.68434e-14,255,255
2316,5.68434e-14,255,255
2320,5.68434e-14,255,255
2324,5.68434e-14,255,255
2328,5.68434e-14,255,255
2331,5.68434e-14,255,255
2335,5.68434e-14,255,255
2339,5.68434e-14,255,255
2343,5.68434e-14,255,255
2347,5.68434e-14,255,255
2351,5.68434e-14,255,255
2355,5.68434e-14,255,255
2359,5.68434e-14,255,255
2363,5.68434e-14,255,255
2367,5.68434e-14,255,255
2371,5.68434e-14,255,255
2375,5.68434e-14,255,255
2379,5.68434e-14,255,255
2383,5.68434e-14,255,255
2387,5.68434e-14,255,255
2391,5.68434e-14,255,255
2395,5.68434e-14,255,255
2399,5.68434e-14,255,255
2403,5.68434e-14,255,255
2407,5.68434e-14,255,255
2411,5.68434e-14,255,255
2415,5.68434e-14,255,255
2419,5.68434e-14,255,255
2423,5.68434e-14,255,255
2427,5.68434e-14,255,255
2431,5.68434e-14,255,255
2435,5.68434e-14,255,255
2439,5.68434e-14,255,255
2443,5.68434e-14,255,255
2447,5.68434e-14,255,255
2451,5.68434e-14,255,255
2455,5.68434e-14,255,255
2459,5.68434e-14,255,255
2463,5.68434e-14,255,255
2467,5.68434e-14,255,255
2471,5.68434e-14,255,255
2475,5.68434e-14,255,255
2478,5.68434e-14,255,255
2482,5.68434e-14,255,255
2486,5.68434e-14,255,255
2490,5.68434e-14,255,255
2494,5.68434e-14,255,255
2498,5.68434e-14,255,255
2502,5.68434e-14,255,255
2506,5.68434e-14,255,255
2510,5.68434e-14,255,255
2514,5.68434e-14,255,255
2518,5.68434e-14,255,255
2522,5.68434e-14,255,255
2526,5.68434e-14,255,255
2530,5.68434e-14,255,255
2534,5.68434e-14,255,255
2538,5.68434e-14,255,255
2542,5.68434e-14,255,255
2546,5.68434e-14,255,255
2550,5.68434e-14,255,255
2554,5.68434e-14,255,255
2558,5.68434e-14,255,255
2562,5.68434e-14,255,255
2566,5.68434e-14,255,255
2570,5.68434e-14,255,255
2574,5.68434e-14,255,255
2578,5.68434e-14,255,255
2582,5.68434e-14,255,255
2586,5.68434e-14,255,255
2590,5.68434e-14,255,255
2594,5.68434e-14,255,255
2598,5.68434e-14,255,255
2602,5.68434e-14,255,255
2606,5.68434e-14,255,255
2610,5.68434e-14,255,255
2614,5.68434e-14,255,255
2618,5.68434e-14,255,255
2622,5.68434e-14,255,255
2626,5.68434e-14,255,255
2630,5.68434e-14,255,255
2634,5.68434e-14,255,255
2638,5.68434e-14,255,255
2642,5.68434e-14,255,255
2646,5.68434e-14,255,255
2650,5.68434e-14,255,255
2654,5.68434e-14,255,255
2658,5.68434e-14,255,255
2662,5.68434e-14,255,255
2666,5.68434e-14,255,255
2670,5.68434e-14,255,255
2674,5.68434e-14,255,255
2678,5.68434e-14,255,255
2682,5.68434e-14,255,255
2686,5.68434e-14,255,255
2690,5.68434e-14,255,255
2694,5.68434e-14,255,255
2698,5.68434e-14,255,255
2702,5.68434e-14,255,255
2706,5.68434e-14,255,255
2710,5.68434e-14,255,255
2714,5.68434e-14,255,255
2718,5.68434e-14,255,255
2722,5.68434e-14,255,255
2726,5.68434e-14,255,255
2730,5.68434e-14,255,255
2734,5.68434e-14,255,255
2738,5.68434e-14,255,255
2742,5.68434e-14,255,255
2746,5.68434e-14,255,255
2750,5.68434e-14,255,255
2754,5.68434e-14,255,255
2758,5.68434e-14,255,255
2762,5.68434e-14,255,255
2766,5.68434e-14,255,255
2770,5.68434e-14,255,255
2774,5.68434e-14,255,255
2778,5.68434e-14,255,255
2782,5.68434e-14,255,255
2786,5.68434e-14,255,255
2790,5.68434e-14,255,255
2794,5.68434e-14,255,255
2798,5.68434e-14,255,255
2802,5.68434e-14,255,255
2806,5.68434e-14,255,255
2810,5.68434e-14,255,255
2815,5.68434e-14,255,255
2819,5.68434e-14,255,255
2823,5.68434e-14,255,255
2827,5.68434e-14,255,255
2831,5.68434e-14,255,255
2835,5.68434e-14,255,255
2839,5.68434e-14,255,255
2843,5.68434e-14,255,255
2847,5.68434e-14,255,255
2851,5.68434e-14,255,255
2855,5.68434e-14,255,255
2859,5.68434e-14,255,255
2863,5.68434e-14,255,255
2867,5.68434e-14,255,255
2871,5.68434e-14,255,255
2875,5.68434e-14,255,255
2879,5.68434e-14,255,255
2883,5.68434e-14,255,255
2887,5.68434e-14,255,255
2891,5.68434e-14,255,255
2895,5.68434e-14,255,255
2899,5.68434e-14,255,255
2903,5.68434e-14,255,255
2907,5.68434e-14,255,255
2911,5.68434e-14,255,255
2915,5.68434e-14,255,255
2919,5.68434e-14,255,255
2923,5.68434e-14,255,255
2927,5.68434e-14,255,255
2931,5.68434e-14,255,255
2935,5.68434e-14,255,255
2939,5.68434e-14,255,255
2943,5.68434e-14,255,255
2947,5.68434e-14,255,255
2951,5.68434e-14,255,255
2955,5.68434e-14,255,255
2959,5.68434e-14,255,255
2963,5.68434e-14,255,255
2967,5.68434e-14,255,255
2971,5.68434e-14,255,255
2975,5.68434e-14,255,255
2979,5.68434e-14,255,255
2983,5.68434e-14,255,255
2987,5.68434e-14,255,255
2991,5.68434e-14,255,255
2995,5.68434e-14,255,255
2999,5.68434e-14,255,255
3003,5.68434e-14,255,255
3007,5.68434e-14,255,255
3011,5.68434e-14,255,255
3015,5.68434e-14,255,255
3019,5.68434e-14,255,255
3023,5.68434e-14,255,255
3027,5.68434e-14,255,255
3031,5.68434e-14,255,255
3035,5.68434e-14,255,255
3039,5.68434e-14,255,255
3043,5.68434e-14,255,255
3047,5.68434e-14,255,255
3051,5.68434e-14,255,255
3055,5.68434e-14,255,255
3059,5.68434e-14,255,255
3063,5.68434e-14,255,255
3067,5.68434e-14,255,255
3071,5.68434e-14,255,255
3075,5.68434e-14,255,255
3079,5.68434e-14,255,255
3083,5.68434e-14,255,255
3087,5.68434e-14,255,255
3091,5.68434e-14,255,255
3095,5.68434e-14,255,255
3099,5.68434e-14,255,255
3103,5.68434e-14,255,255
3107,5.68434e-14,255,255
3111,5.68434e-14,255,255
3115,5.68434e-14,255,255
3119,5.68434e-14,255,255
3123,5.68434e-14,255,255
3127,5.68434e-14,255,255
3131,5.68434e-14,255,255
3135,5.68434e-14,255,255
3139,5.68434e-14,255,255
3143,5.68434e-14,255,255
3147,5.68434e-14,255,255
3151,5.68434e-14,255,255
3155,5.68434e-14,255,255
3159,5.68434e-14,255,255
3163,5.68434e-14,255,255
3167,5.68434e-14,255,255
3171,5.68434e-14,255,255
3176,5.68434e-14,255,255
3180,5.68434e-14,255,255
3184,5.68434e-14,255,255
3188,5.68434e-14,255,255
3192,5.68434e-14,255,255
3196,5.68434e-14,255,255
3200,5.68434e-14,255,255
3204,5.68434e-14,255,255
3208,5.68434e-14,255,255
3212,5.68434e-14,255,255
3216,5.68434e-14,255,255
3220,5.68434e-14,255,255
3224,5.68434e-14,255,255
3228,5.68434e-14,255,255
3232,5.68434e-14,255,255
3236,5.68434e-14,255,255
3240,5.68434e-14,255,255
3244,5.68434e-14,255,255
3248,5.68434e-14,255,255
3252,5.68434e-14,255,255
3256,5.68434e-14,255,255
3260,5.68434e-14,255,255
3264,5.68434e-14,255,255
3268,5.68434e-14,255,255
3270,5.68434e-14,255,255
3274,5.68434e-14,255,255
3278,5.68434e-14,255,255
3281,5.68434e-14,255,255
3284,5.68434e-14,255,255
3288,5.68434e-14,255,255
3292,5.68434e-14,255,255
3296,5.68434e-14,255,255
3300,5.68434e-14,255,255
3304,5.68434e-14,255,255
3308,5.68434e-14,255,255
3312,5.68434e-14,255,255
3316,5.68434e-14,255,255
3320,5.68434e-14,255,255
3324,5.68434e-14,255,255
3328,5.68434e-14,255,255
3332,5.68434e-14,255,255
3336,5.68434e-14,255,255
3340,5.68434e-14,255,255
3345,5.68434e-14,255,255
3348,5.68434e-14,255,255
3352,5.68434e-14,255,255
3356,5.68434e-14,255,255
3360,5.68434e-14,255,255
3364,5.68434e-14,255,255
3368,5.68434e-14,255,255
3372,5.68434e-14,255,255
3376,5.68434e-14,255,255
3380,5.68434e-14,255,255
3384,5.68434e-14,255,255
3388,5.68434e-14,255,255
3392,5.68434e-14,255,255
3396,5.68434e-14,255,255
3400,5.68434e-14,255,255
3404,5.68434e-14,255,255
3408,5.68434e-14,255,255
3412,5.68434e-14,255,255
3416,5.68434e-14,255,255
3420,5.68434e-14,255,255
3425,5.68434e-14,255,255
3429,5.68434e-14,255,255
3433,5.68434e-14,255,255
3437,5.68434e-14,255,255
3441,5.68434e-14,255,255
3445,5.68434e-14,255,255
3449,5.68434e-14,255,255
3453,5.68434e-14,255,255
3457,5.68434e-14,255,255
3461,5.68434e-14,255,255
3465,5.68434e-14,255,255
3469,5.68434e-14,255,255
3473,5.68434e-14,255,255
3477,5.68434e-14,255,255
3481,5.68434e-14,255,255
3485,5.68434e-14,255,255
3489,5.68434e-14,255,255
3493,5.68434e-14,255,255
3497,5.68434e-14,255,255
3501,5.68434e-14,255,255
3505,5.68434e-14,255,255
3509,5.68434e-14,255,255
3513,5.68434e-14,255,255
3517,5.68434e-14,255,255
3521,5.68434e-14,255,255
3525,5.68434e-14,255,255
3529,5.68434e-14,255,255
3533,5.68434e-14,255,255
3537,5.68434e-14,255,255
3541,5.68434e-14,255,255
3545,5.68434e-14,255,255
3549,5.68434e-14,255,255
3553,5.68434e-14,255,255
3557,5.68434e-14,255,255
3561,5.68434e-14,255,255
3565,5.68434e-14,255,255
3569,5.68434e-14,255,255
3573,5.68434e-14,255,255
3577,5.68434e-14,255,255
3581,5.68434e-14,255,255
3585,5.68434e-14,255,255
3589,5.68434e-14,255,255
3593,5.68434e-14,255,255
3597,5.68434e-14,255,255
3601,5.68434e-14,255,255
3605,5.68434e-14,255,255
3609,5.68434e-14,255,255
3613,5.68434e-14,255,255
3617,5.68434e-14,255,255
3621,5.68434e-14,255,255
3625,5.68434e-14,255,255
3629,5.68434e-14,255,255
3633,5.68434e-14,255,255
3637,5.68434e-14,255,255
3641,5.68434e-14,255,255
3645,5.68434e-14,255,255
3649,5.68434e-14,255,255
3653,5.68434e-14,255,255
3657,5.68434e-14,255,255
3661,5.68434e-14,255,255
3665,5.68434e-14,255,255
3669,5.68434e-14,255,255
3673,5.68434e-14,255,255
3677,5.68434e-14,255,255
3681,5.68434e-14,255,255
3685,5.68434e-14,255,255
3689,5.68434e-14,255,255
3693,5.68434e-14,255,255
3697,5.68434e-14,255,255
3701,5.68434e-14,255,255
3705,5.68434e-14,255,255
3709,5.68434e-14,255,255
3713,5.68434e-14,255,255
3717,5.68434e-14,255,255
3721,5.68434e-14,255,255
3725,5.68434e-14,255,255
3729,5.68434e-14,255,255
3733,5.68434e-14,255,255
3737,5.68434e-14,255,255
3741,5.68434e-14,255,255
3745,5.68434e-14,255,255
3749,5.68434e-14,255,255
3753,5.68434e-14,255,255
3757,5.68434e-14,255,255
3761,5.68434e-14,255,255
3765,5.68434e-14,255,255
3769,5.68434e-14,255,255
3773,5.68434e-14,255,255
3777,5.68434e-14,255,255
3781,5.68434e-14,255,255
3785,5.68434e-14,255,255
3789,5.68434e-14,255,255
3793,5.68434e-14,255,255
3797,5.68434e-14,255,255
3801,5.68434e-14,255,255
3805,5.68434e-14,255,255
3809,5.68434e-14,255,255
3813,5.68434e-14,255,255
3817,5.68434e-14,255,255
3821,5.68434e-14,255,255
3825,5.68434e-14,255,255
3829,5.68434e-14,255,255
3833,5.68434e-14,255,255
3837,5.68434e-14,255,255
3841,5.68434e-14,255,255
3845,5.68434e-14,255,255
3849,5.68434e-14,255,255
3853,5.68434e-14,255,255
3857,5.68434e-14,255,255
3861,5.68434e-14,255,255
3865,5.68434e-14,255,255
3869,5.68434e-14,255,255
3873,5.68434e-14,255,255
3877,5.68434e-14,255,255
3881,5.68434e-14,255,255
3885,5.68434e-14,255,255
3889,5.68434e-14,255,255
3893,5.68434e-14,255,255
3897,5.68434e-14,255,255
3901,5.68434e-14,255,255
3906,5.68434e-14,255,255
3910,5.68434e-14,255,255
3914,5.68434e-14,255,255
3918,5.68434e-14,255,255
3922,5.68434e-14,255,255
3926,5.68434e-14,255,255
3930,5.68434e-14,255,255
3934,5.68434e-14,255,255
3938,5.68434e-14,255,255
3942,5.68434e-14,255,255
3946,5.68434e-14,255,255
3950,5.68434e-14,255,255
3954,5.68434e-14,255,255
3958,5.68434e-14,255,255
3962,5.68434e-14,255,255
3966,5.68434e-14,255,255
3970,5.68434e-14,255,255
3974,5.68434e-14,255,255
3978,5.68434e-14,255,255
3982,5.68434e-14,255,255
3986,5.68434e-14,255,255
3990,5.68434e-14,255,255
3994,5.68434e-14,255,255
3998,5.68434e-14,255,255
4002,5.68434e-14,255,255
4006,5.68434e-14,255,255
4010,5.68434e-14,255,255
4014,5.68434e-14,255,255
4018,5.68434e-14,255,255
4022,5.68434e-14,255,255
4026,5.68434e-14,255,255
4030,5.68434e-14,255,255
4034,5.68434e-14,255,255
4038,5.68434e-14,255,255
4042,5.68434e-14,255,255
4046,5.68434e-14,255,255
4050,5.68434e-14,255,255
4054,5.68434e-14,255,255
4058,5.68434e-14,255,255
4062,5.68434e-14,255,255
4066,5.68434e-14,255,255
4070,5.68434e-14,255,255
4074,5.68434e-14,255,255
4078,5.68434e-14,255,255
4082,5.68434e-14,255,255
4086,5.68434e-14,255,255
4090,5.68434e-14,255,255
4094,5.68434e-14,255,255
4098,5.68434e-14,255,255
4102,5.68434e-14,255,255
4106,5.68434e-14,255,255
4110,5.68434e-14,255,255
4114,5.68434e-14,255,255
4118,5.68434e-14,255,255
4122,5.68434e-14,255,255
4126,5.68434e-14,255,255
4130,5.68434e-14,255,255
4134,5.68434e-14,255,255
4138,5.68434e-14,255,255
4142,5.68434e-14,255,255
4146,5.68434e-14,255,255
4150,5.68434e-14,255,255
4154,5.68434e-14,255,255
4158,5.68434e-14,255,255
4162,5.68434e-14,255,255
4166,5.68434e-14,255,255
4170,5.68434e-14,255,255
4174,5.68434e-14,255,255
4178,5.68434e-14,255,255
4182,5.68434e-14,255,255
4186,5.68434e-14,255,255
4190,5.68434e-14,255,255
4194,5.68434e-14,255,255
4198,5.68434e-14,255,255
4202,5.68434e-14,255,255
4206,5.68434e-14,255,255
4210,5.68434e-14,255,255
4214,5.68434e-14,255,255
4218,5.68434e-14,255,255
4222,5.68434e-14,255,255
4226,5.68434e-14,255,255
4230,5.68434e-14,255,255
4234,5.68434e-14,255,255
4238,5.68434e-14,255,255
4242,5.68434e-14,255,255
4246,5.68434e-14,255,255
4250,5.68434e-14,255,255
4254,5.68434e-14,255,255
4258,5.68434e-14,255,255
4262,5.68434e-14,255,255
4266,5.68434e-14,255,255
4270,5.68434e-14,255,255
4274,5.68434e-14,255,255
4278,5.68434e-14,255,255
4282,5.68434e-14,255,255
4286,5.68434e-14,255,255
4290,5.68434e-14,255,255
4294,5.68434e-14,255,255
4298,5.68434e-14,255,255
4302,5.68434e-14,255,255
4306,5.68434e-14,255,255
4310,5.68434e-14,255,255
4314,5.68434e-14,255,255
4318,5.68434e-14,255,255
4322,5.68434e-14,255,255
4326,5.68434e-14,255,255
4330,5.68434e-14,255,255
4334,5.68434e-14,255,255
4338,5.68434e-14,255,255
4342,5.68434e-14,255,255
4346,5.68434e-14,255,255
4350,5.68434e-14,255,255
4354,5.68434e-14,255,255
4358,5.68434e-14,255,255
4362,5.68434e-14,255,255
4366,5.68434e-14,255,255
4370,5.68434e-14,255,255
4374,5.68434e-14,255,255
4378,5.68434e-14,255,255
4382,5.68434e-14,255,255
4386,5.68434e-14,255,255
4390,5.68434e-14,255,255
4394,5.68434e-14,255,255
4398,5.68434e-14,255,255
4402,5.68434e-14,255,255
4406,5.68434e-14,255,255
4410,5.68434e-14,255,255
4414,5.68434e-14,255,255
4418,5.68434e-14,255,255
4422,5.68434e-14,255,255
4426,5.68434e-14,255,255
4430,5.68434e-14,255,255
4434,5.68434e-14,255,255
4438,5.68434e-14,255,255
4442,5.68434e-14,255,255
4446,5.68434e-14,255,255
4450,5.68434e-14,255,255
4454,5.68434e-14,255,255
4458,5.68434e-14,255,255
4462,5.68434e-14,255,255
4466,5.68434e-14,255,255
4470,5.68434e-14,255,255
4474,5.68434e-14,255,255
4478,5.68434e-14,255,255
4482,5.68434e-14,255,255
4486,5.68434e-14,255,255
4490,5.68434e-14,255,255
4494,5.68434e-14,255,255
4498,5.68434e-14,255,255
4502,5.68434e-14,255,255
4506,5.68434e-14,255,255
4510,5.68434e-14,255,255
4514,5.68434e-14,255,255
4518,5.68434e-14,255,255
4522,5.68434e-14,255,255
4526,5.68434e-14,255,255
4530,5.68434e-14,255,255
4534,5.68434e-14,255,255
4538,5.68434e-14,255,255
4542,5.68434e-14,255,255
4546,5.68434e-14,255,255
4550,5.68434e-14,255,255
4554,5.68434e-14,255,255
4558,5.68434e-14,255,255
4562,5.68434e-14,255,255
4566,5.68434e-14,255,255
4570,5.68434e-14,255,255
4574,5.68434e-14,255,255
4578,5.68434e-14,255,255
4582,5.68434e-14,255,255
4586,5.68434e-14,255,255
4590,5.68434e-14,255,255
4594,5.68434e-14,255,255
4598,5.68434e-14,255,255
4602,5.68434e-14,255,255
4606,5.68434e-14,255,255
4610,5.68434e-14,255,255
4614,5.68434e-14,255,255
4618,5.68434e-14,255,255
4622,5.68434e-14,255,255
4626,5.68434e-14,255,255
4630,5.68434e-14,255,255
4634,5.68434e-14,255,255
4638,5.68434e-14,255,255
4642,5.68434e-14,255,255
4646,5.68434e-14,255,255
4650,5.68434e-14,255,255
4654,5.68434e-14,255,255
4658,5.68434e-14,255,255
4662,5.68434e-14,255,255
4666,5.68434e-14,255,255
4669,5.68434e-14,255,255
4673,5.68434e-14,255,255
4677,5.68434e-14,255,255
4681,5.68434e-14,255,255
4685,5.68434e-14,255,255
4689,5.68434e-14,255,255
4693,5.68434e-14,255,255
4697,5.68434e-14,255,255
4701,5.68434e-14,255,255
4705,5.68434e-14,255,255
4709,5.68434e-14,255,255
4713,5.68434e-14,255,255
4717,5.68434e-14,255,255
4721,5.68434e-14,255,255
4725,5.68434e-14,255,255
4729,5.68434e-14,255,255
4733,5.68434e-14,255,255
4737,5.68434e-14,255,255
4741,5.68434e-14,255,255
4745,5.68434e-14,255,255
4749,5.68434e-14,255,255
4753,5.68434e-14,255,255
4757,5.68434e-14,255,255
4761,5.68434e-14,255,255
4765,5.68434e-14,255,255
4769,5.68434e-14,255,255
4773,5.68434e-14,255,255
4777,5.68434e-14,255,255
4781,5.68434e-14,255,255
4785,5.68434e-14,255,255
4789,5.68434e-14,255,255
4793,5.68434e-14,255,255
4797,5.68434e-14,255,255
4801,5.68434e-14,255,255
4805,5.68434e-14,255,255
4809,5.68434e-14,255,255
4813,5.68434e-14,255,255
4817,5.68434e-14,255,255
4821,5.68434e-14,255,255
4825,5.68434e-14,255,255
4829,5.68434e-14,255,255
4833,5.68434e-14,255,255
4837,5.68434e-14,255,255
4841,5.68434e-14,255,255
4845,5.68434e-14,255,255
4849,5.68434e-14,255,255
4853,5.68434e-14,255,255
4857,5.68434e-14,255,255
4861,5.68434e-14,255,255
4865,5.68434e-14,255,255
4869,5.68434e-14,255,255
4873,5.68434e-14,255,255
4877,5.68434e-14,255,255
4881,5.68434e-14,255,255
4885,5.68434e-14,255,255
4889,5.68434e-14,255,255
4893,5.68434e-14,255,255
4897,5.68434e-14,255,255
4901,5.68434e-14,255,255
4905,5.68434e-14,255,255
4909,5.68434e-14,255,255
4913,5.68434e-14,255,255
4917,5.68434e-14,255,255
4921,5.68434e-14,255,255
4925,5.68434e-14,255,255
4929,5.68434e-14,255,255
4933,5.68434e-14,255,255
4937,5.68434e-14,255,255
4941,5.68434e-14,255,255
4945,5.68434e-14,255,255
4949,5.68434e-14,255,255
4953,5.68434e-14,255,255
4957,5.68434e-14,255,255
4961,5.68434e-14,255,255
4965,5.68434e-14,255,255
4969,5.68434e-14,255,255
4973,5.68434e-14,255,255
4977,5.68434e-14,255,255
4981,5.68434e-14,255,255
4985,5.68434e-14,255,255
4989,5.68434e-14,255,255
4993,5.68434e-14,255,255
4997,5.68434e-14,255,255
5001,5.68434e-14,255,255
5005,5.68434e-14,255,255
5009,5.68434e-14,255,255
5013,5.68434e-14,255,255
5017,5.68434e-14,255,255
5021,5.68434e-14,255,255
5025,5.68434e-14,255,255
5029,5.68434e-14,255,255
5033,5.68434e-14,255,255
5037,5.68434e-14,255,255
5041,5.68434e-14,255,255
5045,5.68434e-14,255,255
5049,5.68434e-14,255,255
5053,5.68434e-14,255,255
5057,5.68434e-14,255,255
5061,5.68434e-14,255,255
5065,5.68434e-14,255,255
5069,5.68434e-14,255,255
5073,5.68434e-14,255,255
5077,5.68434e-14,255,255
5081,5.68434e-14,255,255
5085,5.68434e-14,255,255
5089,5.68434e-14,255,255
5093,5.68434e-14,255,255
5097,5.68434e-14,255,255
5101,5.68434e-14,255,255
5105,5.68434e-14,255,255
5109,5.68434e-14,255,255
5113,5.68434e-14,255,255
5117,5.68434e-14,255,255
5121,5.68434e-14,255,255
5125,5.68434e-14,255,255
5129,5.68434e-14,255,255
5133,5.68434e-14,255,255
5137,5.68434e-14,255,255
5141,5.68434e-14,255,255
5145,5.68434e-14,255,255
5149,5.68434e-14,255,255
5153,5.68434e-14,255,255
5157,5.68434e-14,255,255
5161,5.68434e-14,255,255
5165,5.68434e-14,255,255
5168,5.68434e-14,255,255
5172,5.68434e-14,255,255
5176,5.68434e-14,255,255
5180,5.68434e-14,255,255
5184,5.68434e-14,255,255
5188,5.68434e-14,255,255
5192,5.68434e-14,255,255
5196,5.68434e-14,255,255
5200,5.68434e-14,255,255
5204,5.68434e-14,255,255
5208,5.68434e-14,255,255
5212,5.68434e-14,255,255
5216,5.68434e-14,255,255
5220,5.68434e-14,255,255
5224,5.68434e-14,255,255
5228,5.68434e-14,255,255
5232,5.68434e-14,255,255
5236,5.68434e-14,255,255
5240,5.68434e-14,255,255
5244,5.68434e-14,255,255
5248,5.68434e-14,255,255
5252,5.68434e-14,255,255
5256,5.68434e-14,255,255
5260,5.68434e-14,255,255
5264,5.68434e-14,255,255
5268,5.68434e-14,255,255
5272,5.68434e-14,255,255
5276,5.68434e-14,255,255
5280,5.68434e-14,255,255
5284,5.68434e-14,255,255
5288,5.68434e-14,255,255
5292,5.68434e-14,255,255
5296,5.68434e-14,255,255
5300,5.68434e-14,255,255
5304,5.68434e-14,255,255
5308,5.68434e-14,255,255
5312,5.68434e-14,255,255
5316,5.68434e-14,255,255
5320,5.68434e-14,255,255
5324,5.68434e-14,255,255
5328,5.68434e-14,255,255
5332,5.68434e-14,255,255
5336,5.68434e-14,255,255
5340,5.68434e-14,255,255
5344,5.68434e-14,255,255
5348,5.68434e-14,255,255
5352,5.68434e-14,255,255
5356,5.68434e-14,255,255
5360,5.68434e-14,255,255
5364,5.68434e-14,255,255
5368,5.68434e-14,255,255
5372,5.68434e-14,255,255
5376,5.68434e-14,255,255
5380,5.68434e-14,255,255
5384,5.68434e-14,255,255
5388,5.68434e-14,255,255
5392,5.68434e-14,255,255
5396,5.68434e-14,255,255
5400,5.68434e-14,255,255
5404,5.68434e-14,255,255
5408,5.68434e-14,255,255
5412,5.68434e-14,255,255
5416,5.68434e-14,255,255
5420,5.68434e-14,255,255
5424,5.68434e-14,255,255
5428,5.68434e-14,255,255
5432,5.68434e-14,255,255
5436,5.68434e-14,255,255
5440,5.68434e-14,255,255
5444,5.68434e-14,255,255
5448,5.68434e-14,255,255
5452,5.68434e-14,255,255
5456,5.68434e-14,255,255
5460,5.68434e-14,255,255
5464,5.68434e-14,255,255
5468,5.68434e-14,255,255
5472,5.68434e-14,255,255
5476,5.68434e-14,255,255
5480,5.68434e-14,255,255
5484,5.68434e-14,255,255
5488,5.68434e-14,255,255
5492,5.68434e-14,255,255
5496,5.68434e-14,255,255
5500,5.68434e-14,255,255
5504,5.68434e-14,255,255
5508,5.68434e-14,255,255
5512,5.68434e-14,255,255
5516,5.68434e-14,255,255
5520,5.68434e-14,255,255
5524,5.68434e-14,255,255
5528,5.68434e-14,255,255
5532,5.68434e-14,255,255
5536,5.68434e-14,255,255
5540,5.68434e-14,255,255
5544,5.68434e-14,255,255
5548,5.68434e-14,255,255
5552,5.68434e-14,255,255
5556,5.68434e-14,255,255
5560,5.68434e-14,255,255
5564,5.68434e-14,255,255
5568,5.68434e-14,255,255
5572,5.68434e-14,255,255
5576,5.68434e-14,255,255
5580,5.68434e-14,255,255
5584,5.68434e-14,255,255
5584,5.68434e-14,255,255
5588,5.68434e-14,255,255
5591,5.68434e-14,255,255
5595,5.68434e-14,255,255
5599,5.68434e-14,255,255
5603,5.68434e-14,255,255
5607,5.68434e-14,255,255
5608,5.68434e-14,255,255
5611,5.68434e-14,255,255
5615,5.68434e-14,255,255
5618,5.68434e-14,255,255
5622,5.68434e-14,255,255
5626,5.68434e-14,255,255
5630,5.68434e-14,255,255
5631,5.68434e-14,255,255
5634,5.68434e-14,255,255
5638,5.68434e-14,255,255
5642,5.68434e-14,255,255
5645,5.68434e-14,255,255
5649,5.68434e-14,255,255
5652,5.68434e-14,255,255
5655,5.68434e-14,255,255
5659,5.68434e-14,255,255
5663,5.68434e-14,255,255
5667,5.68434e-14,255,255
5668,5.68434e-14,255,255
5672,5.68434e-14,255,255
5676,5.68434e-14,255,255
5680,5.68434e-14,255,255
5684,5.68434e-14,255,255
5688,5.68434e-14,255,255
5692,5.68434e-14,255,255
5696,5.68434e-14,255,255
5700,5.68434e-14,255,255
5704,5.68434e-14,255,255
5708,5.68434e-14,255,255
5712,5.68434e-14,255,255
5716,5.68434e-14,255,255
5720,5.68434e-14,255,255
5724,5.68434e-14,255,255
5728,5.68434e-14,255,255
5732,5.68434e-14,255,255
5736,5.68434e-14,255,255
5740,5.68434e-14,255,255
5744,5.68434e-14,255,255
5748,5.68434e-14,255,255
5752,5.68434e-14,255,255
5756,5.68434e-14,255,255
5760,5.68434e-14,255,255
5764,5.68434e-14,255,255
5768,5.68434e-14,255,255
5772,5.68434e-14,255,255
5776,5.68434e-14,255,255
5780,5.68434e-14,255,255
5784,5.68434e-14,255,255
5788,5.68434e-14,255,255
5792,5.68434e-14,255,255
5796,5.68434e-14,255,255
5800,5.68434e-14,255,255
5804,5.68434e-14,255,255
5808,5.68434e-14,255,255
5813,5.68434e-14,255,255
5817,5.68434e-14,255,255
5821,5.68434e-14,255,255
5825,5.68434e-14,255,255
5829,5.68434e-14,255,255
5833,5.68434e-14,255,255
5837,5.68434e-14,255,255
5841,5.68434e-14,255,255
5845,5.68434e-14,255,255
5849,5.68434e-14,255,255
5853,5.68434e-14,255,255
5857,5.68434e-14,255,255
5861,5.68434e-14,255,255
5865,5.68434e-14,255,255
5869,5.68434e-14,255,255
5873,5.68434e-14,255,255
5877,5.68434e-14,255,255
5881,5.68434e-14,255,255
5885,5.68434e-14,255,255
5889,5.68434e-14,255,255
5893,5.68434e-14,255,255
5897,5.68434e-14,255,255
5901,5.68434e-14,255,255
5905,5.68434e-14,255,255
5909,5.68434e-14,255,255
5913,5.68434e-14,255,255
5917,5.68434e-14,255,255
5921,5.68434e-14,255,255
5925,5.68434e-14,255,255
5929,5.68434e-14,255,255
5933,5.68434e-14,255,255
5937,5.68434e-14,255,255
5941,5.68434e-14,255,255
5945,5.68434e-14,255,255
5949,5.68434e-14,255,255
5953,5.68434e-14,255,255
5957,5.68434e-14,255,255
5961,5.68434e-14,255,255
5965,5.68434e-14,255,255
5969,5.68434e-14,255,255
5973,5.68434e-14,255,255
5977,5.68434e-14,255,255
5981,5.68434e-14,255,255
5985,5.68434e-14,255,255
5989,5.68434e-14,255,255
5993,5.68434e-14,255,255
5997,5.68434e-14,255,255
6001,5.68434e-14,255,255
6005,5.68434e-14,255,255
6009,5.68434e-14,255,255
6013,5.68434e-14,255,255
6017,5.68434e-14,255,255
6021,5.68434e-14,255,255
6025,5.68434e-14,255,255
6029,5.68434e-14,255,255
6033,5.68434e-14,255,255
6037,5.68434e-14,255,255
6041,5.68434e-14,255,255
6045,5.68434e-14,255,255
6049,5.68434e-14,255,255
6053,5.68434e-14,255,255
6057,5.68434e-14,255,255
6061,5.68434e-14,255,255
6065,5.68434e-14,255,255
6069,5.68434e-14,255,255
6073,5.68434e-14,255,255
6077,5.68434e-14,255,255
6081,5.68434e-14,255,255
6085,5.68434e-14,255,255
6089,5.68434e-14,255,255
6093,5.68434e-14,255,255
6097,5.68434e-14,255,255
6101,5.68434e-14,255,255
6105,5.68434e-14,255,255
6109,5.68434e-14,255,255
6113,5.68434e-14,255,255
6117,5.68434e-14,255,255
6121,5.68434e-14,255,255
6125,5.68434e-14,255,255
6129,5.68434e-14,255,255
6133,5.68434e-14,255,255
6137,5.68434e-14,255,255
6141,5.68434e-14,255,255
6145,5.68434e-14,255,255
6148,5.68434e-14,255,255
6152,5.68434e-14,255,255
6156,5.68434e-14,255,255
6160,5.68434e-14,255,255
6164,5.68434e-14,255,255
6168,5.68434e-14,255,255
6172,5.68434e-14,255,255
6176,5.68434e-14,255,255
6180,5.68434e-14,255,255
6184,5.68434e-14,255,255
6188,5.68434e-14,255,255
6192,5.68434e-14,255,255
6196,5.68434e-14,255,255
6199,5.68434e-14,255,255
6199,5.68434e-14,255,255
6202,5.68434e-14,255,255
6206,5.68434e-14,255,255
6210,5.68434e-14,255,255
6214,5.68434e-14,255,255
6218,5.68434e-14,255,255
6222,5.68434e-14,255,255
6224,5.68434e-14,255,255
6225,5.68434e-14,255,255
6229,5.68434e-14,255,255
6233,5.68434e-14,255,255
6237,5.68434e-14,255,255
6241,5.68434e-14,255,255
6245,5.68434e-14,255,255
6249,5.68434e-14,255,255
6251,5.68434e-14,255,255
6255,5.68434e-14,255,255
6259,5.68434e-14,255,255
6263,5.68434e-14,255,255
6267,5.68434e-14,255,255
6271,5.68434e-14,255,255
6275,5.68434e-14,255,255
6279,5.68434e-14,255,255
6283,5.68434e-14,255,255
6287,5.68434e-14,255,255
6291,5.68434e-14,255,255
6295,5.68434e-14,255,255
6299,5.68434e-14,255,255
6303,5.68434e-14,255,255
6307,5.68434e-14,255,255
6311,5.68434e-14,255,255
6315,5.68434e-14,255,255
6319,5.68434e-14,255,255
6323,5.68434e-14,255,255
6327,5.68434e-14,255,255
6331,5.68434e-14,255,255
6335,5.68434e-14,255,255
6339,5.68434e-14,255,255
6343,5.68434e-14,255,255
6347,5.68434e-14,255,255
6350,5.68434e-14,255,255
6354,5.68434e-14,255,255
6358,5.68434e-14,255,255
6362,5.68434e-14,255,255
6365,5.68434e-14,255,255
6367,5.68434e-14,255,255
6371,5.68434e-14,255,255
6375,5.68434e-14,255,255
6378,5.68434e-14,255,255
6382,5.68434e-14,255,255
6386,5.68434e-14,255,255
6388,5.68434e-14,255,255
6390,5.68434e-14,255,255
6394,5.68434e-14,255,255
6398,5.68434e-14,255,255
6402,5.68434e-14,255,255
6406,5.68434e-14,255,255
6410,5.68434e-14,255,255
6411,5.68434e-14,255,255
6415,5.68434e-14,255,255
6418,5.68434e-14,255,255
6422,5.68434e-14,255,255
6426,5.68434e-14,255,255
6430,5.68434e-14,255,255
6434,5.68434e-14,255,255
6438,5.68434e-14,255,255
6442,5.68434e-14,255,255
6446,5.68434e-14,255,255
6450,5.68434e-14,255,255
6454,5.68434e-14,255,255
6458,5.68434e-14,255,255
6462,5.68434e-14,255,255
6466,5.68434e-14,255,255
6470,5.68434e-14,255,255
6474,5.68434e-14,255,255
6478,5.68434e-14,255,255
6482,5.68434e-14,255,255
6486,5.68434e-14,255,255
6490,5.68434e-14,255,255
6494,5.68434e-14,255,255
6498,5.68434e-14,255,255
6502,5.68434e-14,255,255
6506,5.68434e-14,255,255
6510,5.68434e-14,255,255
6514,5.68434e-14,255,255
6518,5.68434e-14,255,255
6522,5.68434e-14,255,255
6526,5.68434e-14,255,255
6530,5.68434e-14,255,255
6534,5.68434e-14,255,255
6538,5.68434e-14,255,255
6542,5.68434e-14,255,255
6546,5.68434e-14,255,255
6550,5.68434e-14,255,255
6554,5.68434e-14,255,255
6558,5.68434e-14,255,255
6563,5.68434e-14,255,255
6567,5.68434e-14,255,255
6571,5.68434e-14,255,255
6575,5.68434e-14,255,255
6579,5.68434e-14,255,255
6582,5.68434e-14,255,255
6584,5.68434e-14,255,255
6586,5.68434e-14,255,255
6590,5.68434e-14,255,255
6594,5.68434e-14,255,255
6598,5.68434e-14,255,255
6602,5.68434e-14,255,255
6606,5.68434e-14,255,255
6610,5.68434e-14,255,255
6614,5.68434e-14,255,255
6618,5.68434e-14,255,255
6622,5.68434e-14,255,255
6626,5.68434e-14,255,255
6630,5.68434e-14,255,255
6634,5.68434e-14,255,255
6638,5.68434e-14,255,255
6642,5.68434e-14,255,255
6646,5.68434e-14,255,255
6650,5.68434e-14,255,255
6654,5.68434e-14,255,255
6658,5.68434e-14,255,255
6662,5.68434e-14,255,255
6666,5.68434e-14,255,255
6670,5.68434e-14,255,255
6674,5.68434e-14,255,255
6678,5.68434e-14,255,255
6682,5.68434e-14,255,255
6686,5.68434e-14,255,255
6689,5.68434e-14,255,255
6693,5.68434e-14,255,255
6697,5.68434e-14,255,255
6701,5.68434e-14,255,255
6705,5.68434e-14,255,255
6709,5.68434e-14,255,255
6713,5.68434e-14,255,255
6717,5.68434e-14,255,255
6719,5.68434e-14,255,255
6723,5.68434e-14,255,255
6727,5.68434e-14,255,255
6731,5.68434e-14,255,255
6735,5.68434e-14,255,255
6739,5.68434e-14,255,255
6743,5.68434e-14,255,255
6747,5.68434e-14,255,255
6752,5.68434e-14,255,255
6756,5.68434e-14,255,255
6760,5.68434e-14,255,255
6764,5.68434e-14,255,255
6768,5.68434e-14,255,255
6772,5.68434e-14,255,255
6776,5.68434e-14,255,255
6780,5.68434e-14,255,255
6784,5.68434e-14,255,255
6788,5.68434e-14,255,255
6792,5.68434e-14,255,255
6796,5.68434e-14,255,255
6800,5.68434e-14,255,255
6804,5.68434e-14,255,255
6808,5.68434e-14,255,255
6812,5.68434e-14,255,255
6815,5.68434e-14,255,255
6819,5.68434e-14,255,255
6823,5.68434e-14,255,255
6827,5.68434e-14,255,255
6831,5.68434e-14,255,255
6835,5.68434e-14,255,255
6839,5.68434e-14,255,255
6843,5.68434e-14,255,255
6846,5.68434e-14,255,255
6850,5.68434e-14,255,255
6854,5.68434e-14,255,255
6858,5.68434e-14,255,255
6862,5.68434e-14,255,255
6866,5.68434e-14,255,255
6870,5.68434e-14,255,255
6874,5.68434e-14,255,255
6878,5.68434e-14,255,255
6882,5.68434e-14,255,255
6886,5.68434e-14,255,255
6890,5.68434e-14,255,255
6894,5.68434e-14,255,255
6898,5.68434e-14,255,255
6902,5.68434e-14,255,255
6906,5.68434e-14,255,255
6910,5.68434e-14,255,255
6914,5.68434e-14,255,255
6918,5.68434e-14,255,255
6922,5.68434e-14,255,255
6926,5.68434e-14,255,255
6930,5.68434e-14,255,255
6934,5.68434e-14,255,255
6938,5.68434e-14,255,255
6942,5.68434e-14,255,255
6946,5.68434e-14,255,255
6950,5.68434e-14,255,255
6954,5.68434e-14,255,255
6958,5.68434e-14,255,255
6962,5.68434e-14,255,255
6966,5.68434e-14,255,255
6970,5.68434e-14,255,255
6974,5.68434e-14,255,255
6978,5.68434e-14,255,255
6982,5.68434e-14,255,255
6986,5.68434e-14,255,255
6990,5.68434e-14,255,255
6994,5.68434e-14,255,255
6998,5.68434e-14,255,255
7002,5.68434e-14,255,255
7006,5.68434e-14,255,255
7010,5.68434e-14,255,255
7014,5.68434e-14,255,255
7018,5.68434e-14,255,255
7022,5.68434e-14,255,255
7026,5.68434e-14,255,255
7030,5.68434e-14,255,255
7034,5.68434e-14,255,255
7038,5.68434e-14,255,255
7042,5.68434e-14,255,255
7046,5.68434e-14,255,255
7050,5.68434e-14,255,255
7054,5.68434e-14,255,255
7058,5.68434e-14,255,255
7062,5.68434e-14,255,255
7066,5.68434e-14,255,255
7070,5.68434e-14,255,255
7074,5.68434e-14,255,255
7078,5.68434e-14,255,255
7082,5.68434e-14,255,255
7086,5.68434e-14,255,255
7090,5.68434e-14,255,255
7094,5.68434e-14,255,255
7098,5.68434e-14,255,255
7102,5.68434e-14,255,255
7106,5.68434e-14,255,255
7109,5.68434e-14,255,255
7113,5.68434e-14,255,255
7115,5.68434e-14,255,255
7118,5.68434e-14,255,255
7122,5.68434e-14,255,255
7126,5.68434e-14,255,255
7130,5.68434e-14,255,255
7134,5.68434e-14,255,255
7137,5.68434e-14,255,255
7138,5.68434e-14,255,255
7140,5.68434e-14,255,255
7144,5.68434e-14,255,255
7148,5.68434e-14,255,255
7152,5.68434e-14,255,255
7156,5.68434e-14,255,255
7160,5.68434e-14,255,255
7161,5.68434e-14,255,255
7165,5.68434e-14,255,255
7169,5.68434e-14,255,255
7173,5.68434e-14,255,255
7175,5.68434e-14,255,255
7179,5.68434e-14,255,255
7183,5.68434e-14,255,255
7188,5.68434e-14,255,255
7192,5.68434e-14,255,255
7196,5.68434e-14,255,255
7200,5.68434e-14,255,255
7204,5.68434e-14,255,255
7208,5.68434e-14,255,255
7212,5.68434e-14,255,255
7216,5.68434e-14,255,255
7220,5.68434e-14,255,255
7224,5.68434e-14,255,255
7228,5.68434e-14,255,255
7232,5.68434e-14,255,255
7236,5.68434e-14,255,255
7240,5.68434e-14,255,255
7244,5.68434e-14,255,255
7248,5.68434e-14,255,255
7252,5.68434e-14,255,255
7256,5.68434e-14,255,255
7260,5.68434e-14,255,255
7264,5.68434e-14,255,255
7268,5.68434e-14,255,255
7272,5.68434e-14,255,255
7276,5.68434e-14,255,255
7280,5.68434e-14,255,255
7284,5.68434e-14,255,255
7288,5.68434e-14,255,255
7292,5.68434e-14,255,255
7296,5.68434e-14,255,255
7300,5.68434e-14,255,255
7304,5.68434e-14,255,255
7308,5.68434e-14,255,255
7312,5.68434e-14,255,255
7316,5.68434e-14,255,255
7320,5.68434e-14,255,255
7324,5.68434e-14,255,255
7328,5.68434e-14,255,255
7332,5.68434e-14,255,255
7337,5.68434e-14,255,255
7340,5.68434e-14,255,255
7345,5.68434e-14,255,255
7348,5.68434e-14,255,255
7353,5.68434e-14,255,255
7357,5.68434e-14,255,255
7361,5.68434e-14,255,255
7365,5.68434e-14,255,255
7369,5.68434e-14,255,255
7373,5.68434e-14,255,255
7377,5.68434e-14,255,255
7381,5.68434e-14,255,255
7385,5.68434e-14,255,255
7389,5.68434e-14,255,255
7393,5.68434e-14,255,255
7397,5.68434e-14,255,255
7401,5.68434e-14,255,255
7405,5.68434e-14,255,255
7409,5.68434e-14,255,255
7413,5.68434e-14,255,255
7417,5.68434e-14,255,255
7421,5.68434e-14,255,255
7424,5.68434e-14,255,255
7428,5.68434e-14,255,255
7432,5.68434e-14,255,255
7436,5.68434e-14,255,255
7437,5.68434e-14,255,255
7441,5.68434e-14,255,255
7445,5.68434e-14,255,255
7449,5.68434e-14,255,255
7453,5.68434e-14,255,255
7457,5.68434e-14,255,255
7461,5.68434e-14,255,255
7465,5.68434e-14,255,255
7469,5.68434e-14,255,255
7473,5.68434e-14,255,255
7477,5.68434e-14,255,255
7481,5.68434e-14,255,255
7485,5.68434e-14,255,255
7489,5.68434e-14,255,255
7493,5.68434e-14,255,255
7497,5.68434e-14,255,255
7501,5.68434e-14,255,255
7505,5.68434e-14,255,255
7509,5.68434e-14,255,255
7513,5.68434e-14,255,255
7517,5.68434e-14,255,255
7521,5.68434e-14,255,255
7525,5.68434e-14,255,255
7529,5.68434e-14,255,255
7533,5.68434e-14,255,255
7537,5.68434e-14,255,255
7541,5.68434e-14,255,255
7545,5.68434e-14,255,255
7548,5.68434e-14,255,255
7549,5.68434e-14,255,255
7553,5.68434e-14,255,255
7557,5.68434e-14,255,255
7561,5.68434e-14,255,255
7564,5.68434e-14,255,255
7568,5.68434e-14,255,255
7572,5.68434e-14,255,255
7576,5.68434e-14,255,255
7577,5.68434e-14,255,255
7581,5.68434e-14,255,255
7585,5.68434e-14,255,255
7589,5.68434e-14,255,255
7590,5.68434e-14,255,255
7594,5.68434e-14,255,255
7598,5.68434e-14,255,255
7602,5.68434e-14,255,255
7606,5.68434e-14,255,255
7610,5.68434e-14,255,255
7614,5.68434e-14,255,255
7618,5.68434e-14,255,255
7622,5.68434e-14,255,255
7626,5.68434e-14,255,255
7630,5.68434e-14,255,255
7634,5.68434e-14,255,255
7639,5.68434e-14,255,255
7643,5.68434e-14,255,255
7647,5.68434e-14,255,255
7651,5.68434e-14,255,255
7655,5.68434e-14,255,255
7659,5.68434e-14,255,255
7663,5.68434e-14,255,255
7667,5.68434e-14,255,255
7671,5.68434e-14,255,255
7675,5.68434e-14,255,255
7679,5.68434e-14,255,255
7683,5.68434e-14,255,255
7687,5.68434e-14,255,255
7691,5.68434e-14,255,255
7695,5.68434e-14,255,255
7699,5.68434e-14,255,255
7703,5.68434e-14,255,255
7707,5.68434e-14,255,255
7711,5.68434e-14,255,255
7715,5.68434e-14,255,255
7719,5.68434e-14,255,255
7723,5.68434e-14,255,255
7727,5.68434e-14,255,255
7731,5.68434e-14,255,255
7735,5.68434e-14,255,255
7739,5.68434e-14,255,255
7743,5.68434e-14,255,255
7747,5.68434e-14,255,255
7751,5.68434e-14,255,255
7755,5.68434e-14,255,255
7759,5.68434e-14,255,255
7763,5.68434e-14,255,255
7767,5.68434e-14,255,255
7771,5.68434e-14,255,255
7775,5.68434e-14,255,255
7779,5.68434e-14,255,255
7783,5.68434e-14,255,255
7787,5.68434e-14,255,255
7791,5.68434e-14,255,255
7795,5.68434e-14,255,255
7799,5.68434e-14,255,255
7803,5.68434e-14,255,255
7807,5.68434e-14,255,255
7811,5.68434e-14,255,255
7815,5.68434e-14,255,255
7819,5.68434e-14,255,255
7823,5.68434e-14,255,255
7827,5.68434e-14,255,255
7831,5.68434e-14,255,255
7835,5.68434e-14,255,255
7839,5.68434e-14,255,255
7843,5.68434e-14,255,255
7847,5.68434e-14,255,255
7851,5.68434e-14,255,255
7855,5.68434e-14,255,255
7859,5.68434e-14,255,255
7863,5.68434e-14,255,255
7867,5.68434e-14,255,255
7871,5.68434e-14,255,255
7875,5.68434e-14,255,255
7879,5.68434e-14,255,255
7883,5.68434e-14,255,255
7887,5.68434e-14,255,255
7891,5.68434e-14,255,255
7895,5.68434e-14,255,255
7899,5.68434e-14,255,255
7904,5.68434e-14,255,255
7908,5.68434e-14,255,255
7912,5.68434e-14,255,255
7916,5.68434e-14,255,255
7920,5.68434e-14,255,255
7924,5.68434e-14,255,255
7928,5.68434e-14,255,255
7932,5.68434e-14,255,255
7936,5.68434e-14,255,255
7940,5.68434e-14,255,255
7944,5.68434e-14,255,255
7948,5.68434e-14,255,255
7952,5.68434e-14,255,255
7956,5.68434e-14,255,255
7960,5.68434e-14,255,255
7964,5.68434e-14,255,255
7968,5.68434e-14,255,255
7972,5.68434e-14,255,255
7976,5.68434e-14,255,255
7980,5.68434e-14,255,255
7984,5.68434e-14,255,255
7988,5.68434e-14,255,255
7992,5.68434e-14,255,255
7996,5.68434e-14,255,255
8000,5.68434e-14,255,255
8004,5.68434e-14,255,255
8008,5.68434e-14,255,255
8012,5.68434e-14,255,255
8016,5.68434e-14,255,255
8020,5.68434e-14,255,255
8024,5.68434e-14,255,255
8028,5.68434e-14,255,255
8032,5.68434e-14,255,255
8036,5.68434e-14,255,255
8040,5.68434e-14,255,255
8044,5.68434e-14,255,255
8048,5.68434e-14,255,255
8052,5.68434e-14,255,255
8056,5.68434e-14,255,255
8060,5.68434e-14,255,255
8064,5.68434e-14,255,255
8068,5.68434e-14,255,255
8073,5.68434e-14,255,255
8077,5.68434e-14,255,255
8081,5.68434e-14,255,255
8085,5.68434e-14,255,255
8089,5.68434e-14,255,255
8093,5.68434e-14,255,255
8097,5.68434e-14,255,255
8101,5.68434e-14,255,255
8105,5.68434e-14,255,255
8109,5.68434e-14,255,255
8113,5.68434e-14,255,255
8117,5.68434e-14,255,255
8121,5.68434e-14,255,255
8125,5.68434e-14,255,255
8129,5.68434e-14,255,255
8133,5.68434e-14,255,255
8137,5.68434e-14,255,255
8141,5.68434e-14,255,255
8145,5.68434e-14,255,255
8149,5.68434e-14,255,255
8153,5.68434e-14,255,255
8157,5.68434e-14,255,255
8161,5.68434e-14,255,255
8165,5.68434e-14,255,255
8169,5.68434e-14,255,255
8173,5.68434e-14,255,255
8177,5.68434e-14,255,255
8181,5.68434e-14,255,255
8185,5.68434e-14,255,255
8189,5.68434e-14,255,255
8193,5.68434e-14,255,255
8197,5.68434e-14,255,255
8201,5.68434e-14,255,255
8205,5.68434e-14,255,255
8208,5.68434e-14,255,255
8212,5.68434e-14,255,255
8216,5.68434e-14,255,255
8220,5.68434e-14,255,255
8224,5.68434e-14,255,255
8228,5.68434e-14,255,255
8232,5.68434e-14,255,255
8236,5.68434e-14,255,255
8240,5.68434e-14,255,255
8244,5.68434e-14,255,255
8248,5.68434e-14,255,255
8252,5.68434e-14,255,255
8256,5.68434e-14,255,255
8260,5.68434e-14,255,255
8264,5.68434e-14,255,255
8268,5.68434e-14,255,255
8272,5.68434e-14,255,255
8276,5.68434e-14,255,255
8280,5.68434e-14,255,255
8284,5.68434e-14,255,255
8288,5.68434e-14,255,255
8292,5.68434e-14,255,255
8296,5.68434e-14,255,255
8300,5.68434e-14,255,255
8304,5.68434e-14,255,255
8308,5.68434e-14,255,255
8312,5.68434e-14,255,255
8316,5.68434e-14,255,255
8320,5.68434e-14,255,255
8324,5.68434e-14,255,255
8328,5.68434e-14,255,255
8332,5.68434e-14,255,255
8336,5.68434e-14,255,255
8340,5.68434e-14,255,255
8344,5.68434e-14,255,255
8348,5.68434e-14,255,255
8352,5.68434e-14,255,255
8356,5.68434e-14,255,255
8360,5.68434e-14,255,255
8364,5.68434e-14,255,255
8368,5.68434e-14,255,255
8372,5.68434e-14,255,255
8375,5.68434e-14,255,255
8376,5.68434e-14,255,255
8380,5.68434e-14,255,255
8384,5.68434e-14,255,255
8388,5.68434e-14,255,255
8392,5.68434e-14,255,255
8396,5.68434e-14,255,255
8398,5.68434e-14,255,255
8401,5.68434e-14,255,255
8405,5.68434e-14,255,255
8409,5.68434e-14,255,255
8413,5.68434e-14,255,255
8417,5.68434e-14,255,255
8421,5.68434e-14,255,255
8425,5.68434e-14,255,255
8429,5.68434e-14,255,255
8433,5.68434e-14,255,255
8437,5.68434e-14,255,255
8441,5.68434e-14,255,255
8445,5.68434e-14,255,255
8449,5.68434e-14,255,255
8453,5.68434e-14,255,255
8457,5.68434e-14,255,255
8461,5.68434e-14,255,255
8465,5.68434e-14,255,255
8469,5.68434e-14,255,255
8473,5.68434e-14,255,255
8477,5.68434e-14,255,255
8481,5.68434e-14,255,255
8485,5.68434e-14,255,255
8489,5.68434e-14,255,255
8494,5.68434e-14,255,255
8498,5.68434e-14,255,255
8502,5.68434e-14,255,255
8506,5.68434e-14,255,255
8510,5.68434e-14,255,255
8514,5.68434e-14,255,255
8518,5.68434e-14,255,255
8522,5.68434e-14,255,255
8526,5.68434e-14,255,255
8530,5.68434e-14,255,255
8534,5.68434e-14,255,255
8538,5.68434e-14,255,255
8542,5.68434e-14,255,255
8546,5.68434e-14,255,255
8550,5.68434e-14,255,255
8554,5.68434e-14,255,255
8558,5.68434e-14,255,255
8562,5.68434e-14,255,255
8566,5.68434e-14,255,255
8570,5.68434e-14,255,255
8574,5.68434e-14,255,255
8578,5.68434e-14,255,255
8582,5.68434e-14,255,255
8586,5.68434e-14,255,255
8590,5.68434e-14,255,255
8594,5.68434e-14,255,255
8598,5.68434e-14,255,255
8602,5.68434e-14,255,255
8606,5.68434e-14,255,255
8610,5.68434e-14,255,255
8614,5.68434e-14,255,255
8618,5.68434e-14,255,255
8622,5.68434e-14,255,255
8626,5.68434e-14,255,255
8630,5.68434e-14,255,255
8634,5.68434e-14,255,255
8638,5.68434e-14,255,255
8642,5.68434e-14,255,255
8646,5.68434e-14,255,255
8650,5.68434e-14,255,255
8654,5.68434e-14,255,255
8658,5.68434e-14,255,255
8662,5.68434e-14,255,255
8666,5.68434e-14,255,255
8670,5.68434e-14,255,255
8674,5.68434e-14,255,255
8678,5.68434e-14,255,255
8682,5.68434e-14,255,255
8686,5.68434e-14,255,255
8690,5.68434e-14,255,255
8694,5.68434e-14,255,255
8698,5.68434e-14,255,255
8702,5.68434e-14,255,255
8706,5.68434e-14,255,255
8710,5.68434e-14,255,255
8714,5.68434e-14,255,255
8718,5.68434e-14,255,255
8722,5.68434e-14,255,255
8726,5.68434e-14,255,255
8730,5.68434e-14,255,255
8734,5.68434e-14,255,255
8738,5.68434e-14,255,255
8742,5.68434e-14,255,255
8746,5.68434e-14,255,255
8750,5.68434e-14,255,255
8754,5.68434e-14,255,255
8758,5.68434e-14,255,255
8762,5.68434e-14,255,255
8766,5.68434e-14,255,255
8770,5.68434e-14,255,255
8774,5.68434e-14,255,255
8778,5.68434e-14,255,255
8782,5.68434e-14,255,255
8786,5.68434e-14,255,255
8790,5.68434e-14,255,255
8794,5.68434e-14,255,255
8798,5.68434e-14,255,255
8802,5.68434e-14,255,255
8806,5.68434e-14,255,255
8810,5.68434e-14,255,255
8814,5.68434e-14,255,255
8818,5.68434e-14,255,255
8822,5.68434e-14,255,255
8826,5.68434e-14,255,255
8830,5.68434e-14,255,255
8834,5.68434e-14,255,255
8838,5.68434e-14,255,255
8842,5.68434e-14,255,255
8846,5.68434e-14,255,255
8850,5.68434e-14,255,255
8854,5.68434e-14,255,255
8858,5.68434e-14,255,255
8862,5.68434e-14,255,255
8866,5.68434e-14,255,255
8870,5.68434e-14,255,255
8874,5.68434e-14,255,255
8878,5.68434e-14,255,255
8882,5.68434e-14,255,255
8886,5.68434e-14,255,255
8890,5.68434e-14,255,255
8890,5.68434e-14,255,255
8893,5.68434e-14,255,255
8897,5.68434e-14,255,255
8901,5.68434e-14,255,255
8905,5.68434e-14,255,255
8909,5.68434e-14,255,255
8913,5.68434e-14,255,255
8915,5.68434e-14,255,255
8919,5.68434e-14,255,255
8923,5.68434e-14,255,255
8927,5.68434e-14,255,255
8928,5.68434e-14,255,255
8932,5.68434e-14,255,255
8935,5.68434e-14,255,255
8939,5.68434e-14,255,255
8944,5.68434e-14,255,255
8948,5.68434e-14,255,255
8952,5.68434e-14,255,255
8956,5.68434e-14,255,255
8960,5.68434e-14,255,255
8964,5.68434e-14,255,255
8968,5.68434e-14,255,255
8972,5.68434e-14,255,255
8976,5.68434e-14,255,255
8980,5.68434e-14,255,255
8984,5.68434e-14,255,255
8988,5.68434e-14,255,255
8992,5.68434e-14,255,255
8996,5.68434e-14,255,255
9000,5.68434e-14,255,255
9004,5.68434e-14,255,255
9008,5.68434e-14,255,255
9012,5.68434e-14,255,255
9016,5.68434e-14,255,255
9020,5.68434e-14,255,255
9024,5.68434e-14,255,255
9028,5.68434e-14,255,255
9032,5.68434e-14,255,255
9036,5.68434e-14,255,255
9040,5.68434e-14,255,255
9044,5.68434e-14,255,255
9048,5.68434e-14,255,255
9052,5.68434e-14,255,255
9056,5.68434e-14,255,255
9060,5.68434e-14,255,255
9064,5.68434e-14,255,255
9068,5.68434e-14,255,255
9072,5.68434e-14,255,255
9076,5.68434e-14,255,255
9080,5.68434e-14,255,255
9084,5.68434e-14,255,255
9088,5.68434e-14,255,255
9092,5.68434e-14,255,255
9096,5.68434e-14,255,255
9100,5.68434e-14,255,255
9104,5.68434e-14,255,255
9108,5.68434e-14,255,255
9112,5.68434e-14,255,255
9116,5.68434e-14,255,255
9120,5.68434e-14,255,255
9124,5.68434e-14,255,255
9128,5.68434e-14,255,255
9132,5.68434e-14,255,255
9136,5.68434e-14,255,255
9140,5.68434e-14,255,255
9144,5.68434e-14,255,255
9148,5.68434e-14,255,255
9152,5.68434e-14,255,255
9156,5.68434e-14,255,255
9160,5.68434e-14,255,255
9164,5.68434e-14,255,255
9168,5.68434e-14,255,255
9172,5.68434e-14,255,255
9176,5.68434e-14,255,255
9180,5.68434e-14,255,255
9184,5.68434e-14,255,255
9188,5.68434e-14,255,255
9192,5.68434e-14,255,255
9196,5.68434e-14,255,255
9200,5.68434e-14,255,255
9204,5.68434e-14,255,255
9208,5.68434e-14,255,255
9212,5.68434e-14,255,255
9216,5.68434e-14,255,255
9220,5.68434e-14,255,255
9224,5.68434e-14,255,255
9228,5.68434e-14,255,255
9232,5.68434e-14,255,255
9236,5.68434e-14,255,255
9240,5.68434e-14,255,255
9244,5.68434e-14,255,255
9248,5.68434e-14,255,255
9252,5.68434e-14,255,255
9256,5.68434e-14,255,255
9260,5.68434e-14,255,255
9264,5.68434e-14,255,255
9268,5.68434e-14,255,255
9272,5.68434e-14,255,255
9276,5.68434e-14,255,255
9280,5.68434e-14,255,255
9284,5.68434e-14,255,255
9288,5.68434e-14,255,255
9292,5.68434e-14,255,255
9296,5.68434e-14,255,255
9300,5.68434e-14,255,255
9304,5.68434e-14,255,255
9308,5.68434e-14,255,255
9312,5.68434e-14,255,255
9316,5.68434e-14,255,255
9320,5.68434e-14,255,255
9324,5.68434e-14,255,255
9326,-50,209.5,209.5
9327,-4.5,235.95,235.95
9330,-30.95,210.795,210.795
9334,-5.795,224.15,224.149
9338,-19.1495,210.392,210.392
9342,-5.39195,217.029,217.029
9346,-12.0289,209.438,209.438
9350,-4.43806,212.661,212.661
9354,-7.66114,208.429,208.429
9358,-3.42895,209.94,209.94
9362,-4.93958,207.551,207.551
9366,-2.55133,208.219,208.219
9370,-3.21888,206.853,206.853
9374,-1.85268,207.117,207.117
9378,-2.1166,206.323,206.323
9382,-1.32327,206.402,206.402
9386,-1.40229,205.934,205.934
9390,-0.934191,205.935,205.935
9394,-0.93479,205.654,205.654
9398,-0.653994,205.626,205.626
9402,-0.626274,205.455,205.455
9406,-0.455024,205.421,205.421
9410,-0.421266,205.315,205.315
9414,-0.315141,205.284,205.284
9418,-0.284274,205.218,205.218
9422,-0.217512,205.192,205.192
9425,-0.192316,205.15,205.15
9427,-0.149739,205.13,205.13
9431,-0.130363,205.103,205.103
9435,-0.10288,205.089,205.089
9439,-0.0885059,205.071,205.071
9443,-0.0705783,205.06,205.06
9447,-0.0601614,205.048,205.048
9448,-0.0483631,205.041,205.041
9452,-0.0409331,205.033,205.033
9456,-0.0331112,205.028,205.028
9460,-0.027871,205.023,205.023
9464,-0.0226538,205.019,205.019
9468,-0.018988,205.015,205.015
9472,-0.0154911,205.013,205.013
9476,-0.0129419,205.011,205.011
9480,-0.0105888,205.009,205.009
9484,-0.00882402,205.007,205.007
9488,-0.00723571,205.006,205.006
9492,-0.00601798,205.005,205.005
9496,-0.00494322,205.004,205.004
9500,-0.00410511,205.003,205.003
9504,-0.00337644,205.003,205.003
9508,-0.00280071,205.002,205.002
9512,-0.00230594,205.002,205.002
9516,-0.00191102,205.002,205.002
9520,-0.00157466,205.001,205.001
9524,-0.00130408,205.001,205.001
9528,-0.00107521,205.001,205.001
9532,-0.000889968,205.001,205.001
9536,-0.000734121,205.001,205.001
9540,-0.000607393,205.001,205.001
9544,-0.000501212,205,205
9548,-0.000414557,205,205
9552,-0.000342183,205,205
9556,-0.000282952,205,205
9560,-0.000233605,205,205
9564,-0.000193132,205,205
9568,-0.000159476,205,205
9572,-0.000131827,205,205
9576,-0.000108868,205,205
9580,-50.0001,159.5,159.5
9584,-4.50007,185.95,185.95
9588,-30.9501,160.795,160.795
9592,-5.79505,174.15,174.15
9596,-19.1495,160.392,160.392
9600,-5.39198,167.029,167.029
9604,-12.0289,159.438,159.438
9608,-4.43808,162.661,162.661
9612,-7.66116,158.429,158.429
9616,-3.42897,159.94,159.94
9620,-4.93959,157.551,157.551
9624,-2.55134,158.219,158.219
9628,-3.21889,156.853,156.853
9632,-1.85269,157.117,157.117
9636,-2.1166,156.323,156.323
9640,-1.32328,156.402,156.402
9644,-1.40229,155.934,155.934
9649,-0.934194,155.935,155.935
9653,-0.934793,155.654,155.654
9657,-0.653996,155.626,155.626
9661,-0.626276,155.455,155.455
9665,-0.455025,155.421,155.421
9669,-0.421268,155.315,155.315
9673,-0.315142,155.284,155.284
9677,-0.284275,155.218,155.218
9681,-0.217513,155.192,155.192
9685,-0.192316,155.15,155.15
9689,-0.149739,155.13,155.13
9693,-0.130364,155.103,155.103
9697,-0.10288,155.089,155.089
9701,-0.0885062,155.071,155.071
9705,-0.0705785,155.06,155.06
9709,-0.0601616,155.048,155.048
9713,-0.0483633,155.041,155.041
9717,-0.0409333,155.033,155.033
9721,-0.0331113,155.028,155.028
9725,-0.0278711,155.023,155.023
9729,-0.0226539,155.019,155.019
9733,-0.018988,155.015,155.015
9737,-50.0155,109.513,109.513
9741,-4.51294,135.961,135.961
9745,-30.9606,110.804,110.804
9749,-5.80382,124.157,124.157
9753,-19.1567,110.398,110.398
9757,-5.39797,117.034,117.034
9761,-12.0338,109.442,109.442
9765,-4.44216,112.665,112.665
9769,-7.66452,108.432,108.432
9773,-3.43175,109.942,109.942
9777,-4.94189,107.553,107.553
9781,-2.55324,108.22,108.22
9785,-3.22046,106.854,106.854
9789,-1.85399,107.118,107.118
9793,-2.11767,106.324,106.324
9797,-1.32416,106.403,106.403
9801,-1.40302,105.935,105.935
9805,-0.934798,105.935,105.935
9809,-0.935292,105.654,105.654
9813,-0.654408,105.627,105.627
9817,-0.626616,105.455,105.455
9822,-0.455306,105.422,105.422
9826,-0.4215,105.315,105.315
9830,-0.315334,105.284,105.284
9834,-0.284433,105.218,105.218
9838,-0.217644,105.192,105.192
9842,-0.192424,105.15,105.15
9846,-0.149829,105.13,105.13
9850,-0.130438,105.103,105.103
9854,-0.102941,105.089,105.089
9858,-0.0885566,105.071,105.071
9862,-0.0706202,105.06,105.06
9866,-0.060196,105.048,105.048
9870,-0.0483917,105.041,105.041
9874,-50.041,59.5331,59.5331
9878,-4.53313,85.9779,85.9779
9882,-30.9779,60.8177,60.8177
9886,-5.81767,74.1685,74.1685
9890,-19.1685,60.4075,60.4074
9894,-5.40745,67.0418,67.0418
9898,-12.0418,59.4487,59.4487
9902,-4.44865,62.67,62.67
9906,-7.66997,58.4362,58.4362
9910,-3.43619,59.9456,59.9456
9914,-4.9456,57.5563,57.5563
9918,-2.55627,58.223,58.223
9923,-3.22299,56.8561,56.8561
9927,-1.85606,57.1194,57.1194
9931,-2.1194,56.3256,56.3256
9935,-1.32558,56.4042,56.4042
9939,-1.4042,55.9358,55.9358
9943,-0.935767,55.9361,55.9361
9947,-0.936095,55.6551,55.6551
9951,-0.655069,55.6272,55.6272
9955,-0.627164,55.4558,55.4558
9959,-0.455758,55.4219,55.4219
9963,-0.421874,55.3156,55.3156
9967,-0.315642,55.2847,55.2847
9971,-0.284689,55.2179,55.2179
9975,-0.217854,55.1926,55.1926
9979,-0.192599,55.15,55.15
9983,-0.149972,55.1306,55.1306
9987,-0.130556,55.103,55.103
9991,-0.103039,55.0886,55.0886
9995,-0.0886378,55.0707,55.0707
9999,-0.0706872,55.0603,55.0603
10003,-0.0602514,55.0484,55.0484
10007,-0.0484375,55.041,55.041
10011,-0.0409946,55.0332,55.0332
10015,-0.0331619,55.0279,55.0279
10019,-0.0279129,55.0227,55.0227
10023,-0.0226885,55.019,55.019
10027,-0.0190166,55.0155,55.0155
10031,-0.0155147,55.013,55.013
10035,-0.0129614,55.0106,55.0106
10039,-0.010605,55.0088,55.0088
10043,-0.00883736,55.0072,55.0072
10047,-0.00724673,55.006,55.006
10051,-0.00602709,55.005,55.005
10055,-0.00495075,55.0041,55.0041
10059,-0.00411133,55.0034,55.0034
10063,-0.00338158,55.0028,55.0028
10067,-0.00280496,55.0023,55.0023
10071,-0.00230944,55.0019,55.0019
10075,-0.00191392,55.0016,55.0016
10079,-0.00157706,55.0013,55.0013
10083,-0.00130606,55.0011,55.0011
10087,-0.00107684,55.0009,55.0009
10091,-0.000891318,55.0007,55.0007
10095,-0.000735236,55.0006,55.0006
10099,-0.000608314,55.0005,55.0005
10103,-0.000501973,55.0004,55.0004
10107,-0.000415186,55.0003,55.0003
10111,-0.000342702,55.0003,55.0003
10115,-0.000283382,55.0002,55.0002
10119,-0.00023396,55.0002,55.0002
10123,-0.000193425,55.0002,55.0002
10127,-0.000159718,55.0001,55.0001
10131,-0.000132027,55.0001,55.0001
10135,-0.000109034,55.0001,55.0001
10139,-9.01195e-05,55.0001,55.0001
10143,-7.44321e-05,55.0001,55.0001
10147,-6.15149e-05,55.0001,55.0001
10151,-5.08108e-05,55,55
10155,-4.199e-05,55,55
10159,-3.46855e-05,55,55
10163,-2.86626e-05,55,55
10167,-2.36775e-05,55,55
10171,-1.95653e-05,55,55
10175,-1.61631e-05,55,55
10179,-1.33555e-05,55,55
10183,-1.10334e-05,55,55
10187,-9.11663e-06,55,55
10189,-7.53169e-06,55,55
10193,-6.22314e-06,55,55
10197,-5.14133e-06,55,55
10201,-4.24802e-06,55,55
10205,-3.5096e-06,55,55
10209,-2.89977e-06,55,55
10213,-2.39574e-06,55,55
10217,-1.97944e-06,55,55
10221,-1.63539e-06,55,55
10225,-1.3512e-06,55,55
10229,-1.11635e-06,55,55
10233,-9.22355e-07,55,55
10237,-7.62046e-07,55,55
10241,-6.29618e-07,55,55
10245,-5.2019e-07,55,55
10249,-4.2979e-07,55,55
10253,-3.55093e-07,55,55
10257,-2.93383e-07,55,55
10261,-2.42394e-07,55,55
10265,-2.00269e-07,55,55
10269,-1.65463e-07,55,55
10273,-1.36708e-07,55,55
10277,-1.12949e-07,55,55
10281,-9.33196e-08,55,55
10285,-7.71012e-08,55,55
10289,-6.37019e-08,55,55
10293,-5.26309e-08,55,55
10297,-4.34842e-08,55,55
10301,-3.5927e-08,55,55
10305,-2.96832e-08,55,55
10309,-2.45245e-08,55,55
10313,-2.02624e-08,55,55
10317,-1.67409e-08,55,55
10321,-1.38315e-08,55,55
10325,-1.14277e-08,55,55
10329,-9.44168e-09,55,55
10333,-7.80081e-09,55,55
10337,-6.44508e-09,55,55
10341,-5.325e-09,55,55
10345,-4.39955e-09,55,55
10349,-3.63496e-09,55,55
10353,-3.00322e-09,55,55
10357,-2.4813e-09,55,55
10361,-2.05007e-09,55,55
10365,-1.69378e-09,55,55
10369,-1.39942e-09,55,55
10373,-1.15621e-09,55,55
10377,-9.55282e-10,55,55
10381,-7.8925e-10,55,55
10385,-6.52101e-10,55,55
10389,-5.38755e-10,55,55
10393,-4.45134e-10,55,55
10397,-3.67763e-10,55,55
10401,-3.03849e-10,55,55
10405,-2.51042e-10,55,55
10409,-2.07407e-10,55,55
10413,-1.71369e-10,55,55
10417,-1.41576e-10,55,55
10421,-1.16984e-10,55,55
10425,-9.66409e-11,55,55
10429,-7.98508e-11,55,55
10433,-6.5981e-11,55,55
10437,-5.44986e-11,55,55
10441,-4.50413e-11,55,55
10445,-3.7204e-11,55,55
10449,-3.07381e-11,55,55
10453,-2.53877e-11,55,55
10457,-2.09894e-11,55,55
10461,-1.73301e-11,55,55
10465,-1.43245e-11,55,55
10469,-1.18234e-11,55,55
10473,-9.78417e-12,55,55
10477,-8.07177e-12,55,55
10481,-6.672e-12,55,55
10485,-5.51381e-12,55,55
10489,-4.55458e-12,55,55
10493,-3.76588e-12,55,55
10497,-3.10507e-12,55,55
10501,-2.57216e-12,55,55
10505,-2.11742e-12,55,55
10509,-1.75504e-12,55,55
10513,-1.44951e-12,55,55
10517,-1.20082e-12,55,55
10521,-9.87654e-13,55,55
10525,-8.17124e-13,55,55
10529,-6.6791e-13,55,55
10533,-5.68434e-13,55,55
10537,-4.54747e-13,55,55
10541,-3.90799e-13,55,55
10545,-3.05533e-13,55,55
10549,-2.62901e-13,55,55
10553,-2.13163e-13,55,55
10557,-1.7053e-13,55,55
10561,-1.49214e-13,55,55
10565,-1.13687e-13,55,55
10569,-9.9476e-14,55,55
10573,-9.23706e-14,55,55
10577,-6.39488e-14,55,55
10581,-7.10543e-14,55,55
10585,-3.55271e-14,55,55
10589,-4.9738e-14,55,55
10593,-2.13163e-14,55,55
10597,-2.84217e-14,55,55
10601,-2.13163e-14,55,55
10605,-1.42109e-14,55,55
10609,-2.13163e-14,55,55
10613,-7.10543e-15,55,55
10617,-1.42109e-14,55,55
10621,0,55,55
10625,-7.10543e-15,55,55
10629,0,55,55
10633,-7.10543e-15,55,55
10637,0,55,55
10641,-7.10543e-15,55,55
10645,0,55,55
10649,-7.10543e-15,55,55
10653,0,55,55
10657,-7.10543e-15,55,55
10661,0,55,55
10665,-7.10543e-15,55,55
10669,0,55,55
10673,-7.10543e-15,55,55
10677,0,55,55
10681,-7.10543e-15,55,55
10685,0,55,55
10689,-7.10543e-15,55,55
10693,0,55,55
10697,-7.10543e-15,55,55
10701,0,55,55
10706,-7.10543e-15,55,55
10710,0,55,55
10714,-7.10543e-15,55,55
10717,-50,9.5,9.5
10721,-4.5,35.95,35.95
10725,-30.95,10.795,10.795
10729,-5.795,24.1495,24.1495
10733,-19.1495,10.3919,10.392
10737,-5.39195,17.0289,17.0289
10741,-12.0289,9.43806,9.43806
10745,-4.43806,12.6611,12.6611
10749,-7.66114,8.42895,8.42895
10753,-3.42895,9.93958,9.93958
10757,-4.93958,7.55133,7.55133
10761,-2.55133,8.21888,8.21888
10765,-3.21888,6.85268,6.85269
10769,-1.85268,7.1166,7.1166
10773,-2.1166,6.32327,6.32327
10777,-1.32327,6.40229,6.40228
10781,-1.40229,5.93419,5.93419
10785,-0.934191,5.93479,5.93479
10789,-0.93479,5.65399,5.65399
10793,-0.653994,5.62627,5.62627
10797,-0.626274,5.45502,5.45502
10801,-0.455024,5.42127,5.42127
10805,-0.421266,5.31514,5.31514
10809,-0.315141,5.28427,5.28427
10813,-0.284274,5.21751,5.21751
10817,-0.217512,5.19232,5.19231
10821,-0.192316,5.14974,5.14974
10825,-0.149739,5.13036,5.13036
10829,-0.130363,5.10288,5.10288
10833,-0.10288,5.08851,5.08851
10837,-0.0885059,5.07058,5.07058
10841,-0.0705783,5.06016,5.06016
10845,-0.0601614,5.04836,5.04836
10849,-0.0483631,5.04093,5.04093
10853,-0.0409331,5.03311,5.03311
10857,-0.0331112,5.02787,5.02787
10861,-0.027871,5.02265,5.02265
10865,-0.0226538,5.01899,5.01899
10869,-0.018988,5.01549,5.01549
10873,-0.0154911,5.01294,5.01294
10877,-0.0129419,5.01059,5.01059
10881,-0.0105888,5.00882,5.00882
10885,-0.00882402,5.00724,5.00724
10889,-0.00723571,5.00602,5.00602
10893,-0.00601798,5.00494,5.00494
10897,-0.00494322,5.00411,5.0041
10901,-0.00410511,5.00338,5.00338
10905,-0.00337644,5.0028,5.0028
10909,-0.00280071,5.00231,5.00231
10913,-0.00230594,5.00191,5.00191
10917,-0.00191102,5.00157,5.00158
10921,-0.00157466,5.0013,5.0013
10925,-0.00130408,5.00108,5.00108
10929,-0.00107521,5.00089,5.00089
10933,-0.000889968,5.00073,5.00073
10937,-0.000734121,5.00061,5.00061
10941,-0.000607393,5.0005,5.0005
10945,-0.000501212,5.00041,5.00041
10949,-0.000414557,5.00034,5.00034
10953,-0.000342183,5.00028,5.00028
10957,-0.000282952,5.00023,5.00023
10961,-0.000233605,5.00019,5.00019
10965,-0.000193132,5.00016,5.00016
10969,-0.000159476,5.00013,5.00013
10973,-0.000131827,5.00011,5.00011
10977,-0.000108868,5.00009,5.00009
10981,-8.99829e-05,5.00007,5.00007
10985,-7.43193e-05,5.00006,5.00006
10989,-6.14217e-05,5.00005,5.00005
10993,-5.07338e-05,5.00004,5.00004
10997,-4.19264e-05,5.00003,5.00004
11001,-3.46329e-05,5.00003,5.00003
11005,-2.86191e-05,5.00002,5.00002
11009,-2.36416e-05,5.00002,5.00002
11013,-1.95356e-05,5.00002,5.00002
11017,-1.61386e-05,5.00001,5.00001
11021,-1.33352e-05,5.00001,5.00001
11025,-1.10167e-05,5.00001,5.00001
11029,-9.10281e-06,5.00001,5.00001
11033,-7.52027e-06,5.00001,5.00001
11037,-6.21371e-06,5.00001,5.00001
11041,-5.13353e-06,5,5
11045,-4.24158e-06,5,5
11049,-3.50428e-06,5,5
11053,-2.89538e-06,5,5
11057,-2.3921e-06,5,5
11061,-1.97644e-06,5,5
11065,-1.63291e-06,5,5
11069,-1.34915e-06,5,5
11073,-1.11466e-06,5,5
11077,-9.20957e-07,5,5
11081,-7.60891e-07,5,5
11085,-6.28664e-07,5,5
11089,-5.19401e-07,5,5
11093,-4.29138e-07,5,5
11097,-3.54554e-07,5,5
11101,-2.92938e-07,5,5
11105,-2.42027e-07,5,5
11109,-1.99966e-07,5,5
11113,-1.65212e-07,5,5
11117,-1.36501e-07,5,5
11121,-1.12778e-07,5,5
11125,-9.31781e-08,5,5
11129,-7.69843e-08,5,5
11133,-6.36053e-08,5,5
11137,-5.25511e-08,5,5
11141,-4.34183e-08,5,5
11145,-3.58725e-08,5,5
11149,-2.96382e-08,5,5
11153,-2.44873e-08,5,5
11157,-2.02317e-08,5,5
11161,-1.67156e-08,5,5
11165,-1.38106e-08,5,5
11169,-1.14104e-08,5,5
11173,-9.42738e-09,5,5
11177,-7.78898e-09,5,5
11181,-6.43532e-09,5,5
11185,-5.31692e-09,5,5
11189,-4.39289e-09,5,5
11193,-3.62944e-09,5,5
11197,-2.99867e-09,5,5
11201,-2.47753e-09,5,5
11205,-2.04696e-09,5,5
11209,-1.69122e-09,5,5
11210,-1.3973e-09,5,5
11213,-1.15446e-09,5,5
11217,-9.53824e-10,5,5
11221,-7.88057e-10,5,5
11225,-6.511e-10,5,5
11229,-5.37945e-10,5,5
11233,-4.44454e-10,5,5
11237,-3.67212e-10,5,5
11241,-3.03394e-10,5,5
11245,-2.50666e-10,5,5
11249,-2.07104e-10,5,5
11253,-1.7111e-10,5,5
11257,-1.41373e-10,5,5
11261,-1.16804e-10,5,5
11265,-9.65032e-11,5,5
11269,-7.97327e-11,5,5
11273,-6.58753e-11,5,5
11277,-5.44276e-11,5,5
11281,-4.49676e-11,5,5
11285,-3.71543e-11,5,5
11289,-3.06954e-11,5,5
11293,-2.53619e-11,5,5
11297,-2.09539e-11,5,5
11301,-1.73124e-11,5,5
11305,-1.43032e-11,5,5
11309,-1.18181e-11,5,5
11313,-9.76286e-12,5,5
11317,-8.06732e-12,5,5
11321,-6.664e-12,5,5
11325,-5.50671e-12,5,5
11329,-4.54925e-12,5,5
11333,-3.75877e-12,5,5
11337,-3.10507e-12,5,5
11341,-2.56506e-12,5,5
11345,-2.12008e-12,5,5
11349,-1.7506e-12,5,5
11353,-1.44684e-12,5,5
11357,-1.19549e-12,5,5
11361,-9.86766e-13,5,5
11365,-8.15348e-13,5,5
11369,-6.73239e-13,5,5
11373,-5.56e-13,5,5
11377,-4.60076e-13,5,5
11381,-3.79252e-13,5,5
11385,-3.14415e-13,5,5
11389,-2.5846e-13,5,5
11393,-2.13163e-13,5,5
11397,-1.76748e-13,5,5
11401,-1.45661e-13,5,5
11405,-1.20792e-13,5,5
11409,-9.85878e-14,5,5
11413,-8.26006e-14,5,5
11417,-6.75016e-14,5,5
11421,-5.59552e-14,5,5
11425,-4.61853e-14,5,5
11429,-3.90799e-14,5,5
11433,-3.10862e-14,5,5
11437,-2.66454e-14,5,5
11441,-2.13163e-14,5,5
11445,-1.86517e-14,5,5
11449,-1.42109e-14,5,5
11453,-1.24345e-14,5,5
11457,-1.15463e-14,5,5
11461,-7.99361e-15,5,5
11465,-8.88178e-15,5,5
11469,-4.44089e-15,5,5
11473,-6.21725e-15,5,5
11477,-2.66454e-15,5,5
11481,-3.55271e-15,5,5
11485,-2.66454e-15,5,5
11489,-1.77636e-15,5,5
11493,-2.66454e-15,5,5
11497,-8.88178e-16,5,5
11501,-1.77636e-15,5,5
11505,0,5,5
11509,-8.88178e-16,5,5
11513,0,5,5
11517,-8.88178e-16,5,5
11521,0,5,5
11525,-8.88178e-16,5,5
11529,0,5,5
11533,-8.88178e-16,5,5
11537,0,5,5
11541,-8.88178e-16,5,5
11545,0,5,5
11549,-8.88178e-16,5,5
11553,0,5,5
11557,-8.88178e-16,5,5
11561,0,5,5
11565,-8.88178e-16,5,5
11569,0,5,5
11573,-8.88178e-16,5,5
11577,0,5,5
11580,50,50.5,50.5
11584,4.5,24.05,24.05
11588,30.95,49.205,49.205
11592,5.795,35.8505,35.8505
11596,19.1495,49.6081,49.608
11600,5.39195,42.9711,42.9711
11604,12.0289,50.5619,50.5619
11608,4.43806,47.3389,47.3389
11612,7.66114,51.5711,51.571
11616,3.42895,50.0604,50.0604
11620,4.93958,52.4487,52.4487
11624,2.55133,51.7811,51.7811
11628,3.21888,53.1473,53.1473
11632,1.85268,52.8834,52.8834
11636,2.1166,53.6767,53.6767
11640,1.32327,53.5977,53.5977
11644,1.40229,54.0658,54.0658
11648,0.934191,54.0652,54.0652
11652,0.93479,54.346,54.346
11656,0.653994,54.3737,54.3737
11660,0.626274,54.545,54.545
11664,0.455024,54.5787,54.5787
11668,0.421266,54.6849,54.6849
11672,0.315141,54.7157,54.7157
11676,0.284274,54.7825,54.7825
11680,0.217512,54.8077,54.8077
11684,0.192316,54.8503,54.8503
11688,0.149739,54.8696,54.8696
11692,0.130363,54.8971,54.8971
11696,0.10288,54.9115,54.9115
11700,0.0885059,54.9294,54.9294
11704,0.0705783,54.9398,54.9398
11708,0.0601614,54.9516,54.9516
11712,0.0483631,54.9591,54.9591
11716,0.0409331,54.9669,54.9669
11720,0.0331112,54.9721,54.9721
11724,0.027871,54.9773,54.9773
11728,0.0226538,54.981,54.981
11732,0.018988,54.9845,54.9845
11736,0.0154911,54.9871,54.9871
11740,0.0129419,54.9894,54.9894
11744,0.0105888,54.9912,54.9912
11748,0.00882402,54.9928,54.9928
11752,0.00723571,54.994,54.994
11756,0.00601798,54.9951,54.9951
11760,0.00494322,54.9959,54.9959
11764,0.00410511,54.9966,54.9966
11768,0.00337644,54.9972,54.9972
11772,0.00280071,54.9977,54.9977
11776,50.0023,100.498,100.498
11780,4.50191,74.0484,74.0484
11783,30.9516,99.2037,99.2037
11787,5.7963,85.8494,85.8494
11791,19.1506,99.6072,99.6072
11795,5.39284,92.9704,92.9704
11798,12.0296,100.561,100.561
11801,4.43867,97.3384,97.3384
11802,7.66164,101.571,101.571
11806,3.42936,100.06,100.06
11810,4.93992,102.448,102.448
11814,2.55161,101.781,101.781
11818,3.21911,103.147,103.147
11822,1.85288,102.883,102.883
11826,2.11676,103.677,103.677
11830,1.3234,103.598,103.598
11834,1.40239,104.066,104.066
11838,0.934281,104.065,104.065
11842,0.934865,104.346,104.346
11846,0.654055,104.374,104.374
11850,0.626324,104.545,104.545
11854,0.455065,104.579,104.579
11858,0.421301,104.685,104.685
11862,0.315169,104.716,104.716
11866,0.284298,104.782,104.782
11870,0.217531,104.808,104.808
11874,0.192332,104.85,104.85
11878,0.149752,104.87,104.87
11882,0.130374,104.897,104.897
11886,0.102889,104.911,104.911
11890,0.0885134,104.929,104.929
11894,0.0705845,104.94,104.94
11898,0.0601665,104.952,104.952
11902,0.0483674,104.959,104.959
11906,0.0409366,104.967,104.967
11910,0.0331141,104.972,104.972
11914,0.0278734,104.977,104.977
11918,0.0226558,104.981,104.981
11922,0.0189896,104.985,104.985
11926,0.0154924,104.987,104.987
11930,0.012943,104.989,104.989
11934,0.0105898,104.991,104.991
11938,0.00882478,104.993,104.993
11942,50.0072,150.494,150.494
11946,4.50602,124.045,124.045
11950,30.9549,149.201,149.201
11953,5.79911,135.847,135.847
11957,19.1529,149.605,149.605
11961,5.39475,142.969,142.969
11965,12.0312,150.56,150.56
11969,4.43997,147.337,147.337
11973,7.66272,151.57,151.57
11977,3.43025,150.059,150.059
11981,4.94066,152.448,152.448
11985,2.55222,151.78,151.78
11989,3.21962,153.147,153.147
11993,1.85329,152.883,152.883
11997,2.1171,153.676,153.676
12001,1.32369,153.597,153.597
12005,1.40263,154.066,154.066
12009,0.934474,154.065,154.065
12013,0.935024,154.346,154.346
12017,0.654187,154.374,154.374
12021,0.626433,154.545,154.545
12025,0.455155,154.579,154.579
12029,0.421375,154.685,154.685
12033,0.315231,154.716,154.716
12037,0.284348,154.782,154.782
12041,0.217573,154.808,154.808
12045,0.192366,154.85,154.85
12049,0.149781,154.87,154.87
12053,0.130398,154.897,154.897
12057,0.102908,154.911,154.911
12061,0.0885295,154.929,154.929
12065,0.0705978,154.94,154.94
12069,0.0601775,154.952,154.952
12073,0.0483765,154.959,154.959
12077,0.0409441,154.967,154.967
12081,0.0331203,154.972,154.972
12085,0.0278785,154.977,154.977
12089,0.02266,154.981,154.981
12093,0.0189931,154.985,154.985
12097,0.0154953,154.987,154.987
12101,0.0129454,154.989,154.989
12105,0.0105917,154.991,154.991
12109,0.00882641,154.993,154.993
12113,0.00723768,154.994,154.994
12117,0.00601962,154.995,154.995
12121,0.00494457,154.996,154.996
12125,0.00410623,154.997,154.997
12129,0.00337737,154.997,154.997
12133,0.00280147,154.998,154.998
12137,0.00230657,154.998,154.998
12141,0.00191154,154.998,154.998
12145,0.00157509,154.999,154.999
12149,0.00130443,154.999,154.999
12153,0.0010755,154.999,154.999
12157,0.00089021,154.999,154.999
12161,0.000734321,154.999,154.999
12165,0.000607558,154.999,154.999
12169,0.000501348,155,155
12173,0.00041467,155,155
12177,0.000342276,155,155
12181,0.000283029,155,155
12185,0.000233669,155,155
12189,0.000193185,155,155
12193,0.00015952,155,155
12197,0.000131863,155,155
12201,0.000108898,155,155
12204,9.00074e-05,155,155
12208,7.43395e-05,155,155
12212,6.14384e-05,155,155
12216,5.07476e-05,155,155
12220,4.19378e-05,155,155
12224,3.46423e-05,155,155
12228,2.86269e-05,155,155
12232,2.36481e-05,155,155
12236,1.9541e-05,155,155
12240,1.61429e-05,155,155
12244,1.33389e-05,155,155
12248,1.10197e-05,155,155
12252,9.10528e-06,155,155
12256,7.52232e-06,155,155
12260,6.2154e-06,155,155
12264,5.13493e-06,155,155
12268,4.24273e-06,155,155
12272,3.50523e-06,155,155
12276,2.89616e-06,155,155
12280,2.39276e-06,155,155
12284,1.97697e-06,155,155
12288,1.63335e-06,155,155
12292,1.34952e-06,155,155
12296,1.11496e-06,155,155
12300,9.21208e-07,155,155
12304,7.61098e-07,155,155
12308,6.28835e-07,155,155
12312,5.19542e-07,155,155
12316,4.29255e-07,155,155
12320,3.54651e-07,155,155
12324,2.93018e-07,155,155
12328,2.42092e-07,155,155
12332,2.0002e-07,155,155
12336,1.65257e-07,155,155
12340,1.36538e-07,155,155
12344,1.12808e-07,155,155
12348,9.32035e-08,155,155
12352,7.70053e-08,155,155
12356,6.36226e-08,155,155
12360,5.25654e-08,155,155
12364,4.34301e-08,155,155
12368,3.58822e-08,155,155
12372,2.96463e-08,155,155
12376,2.44939e-08,155,155
12380,2.02372e-08,155,155
12384,1.67201e-08,155,155
12388,1.38143e-08,155,155
12392,1.14135e-08,155,155
12396,9.42995e-09,155,155
12400,7.7911e-09,155,155
12404,6.43706e-09,155,155
12408,5.31838e-09,155,155
12412,4.39408e-09,155,155
12416,3.63042e-09,155,155
12420,2.99951e-09,155,155
12424,2.47817e-09,155,155
12428,2.04756e-09,155,155
12432,1.69169e-09,155,155
12436,1.39769e-09,155,155
12440,1.1548e-09,155,155
12444,9.5406e-10,155,155
12448,7.88305e-10,155,155
12452,6.51255e-10,155,155
12456,5.38165e-10,155,155
12460,4.44544e-10,155,155
12465,3.67351e-10,155,155
12469,3.03487e-10,155,155
12473,2.50765e-10,155,155
12477,2.07166e-10,155,155
12481,1.71184e-10,155,155
12485,1.41398e-10,155,155
12489,1.16842e-10,155,155
12493,9.65201e-11,155,155
12497,7.97513e-11,155,155
12501,6.59099e-11,155,155
12505,5.4456e-11,155,155
12509,4.49631e-11,155,155
12513,3.7204e-11,155,155
12517,3.06954e-11,155,155
12521,2.53806e-11,155,155
12525,2.09752e-11,155,155
12529,1.73372e-11,155,155
12533,1.4353e-11,155,155
12537,1.18234e-11,155,155
12541,9.80549e-12,155,155
12545,8.07177e-12,155,155
12549,6.70752e-12,155,155
12553,5.48539e-12,155,155
12557,4.60432e-12,155,155
12561,3.78009e-12,155,155
12565,3.12639e-12,155,155
12569,2.6148e-12,155,155
12573,2.13163e-12,155,155
12576,1.76215e-12,155,155
12580,1.44951e-12,155,155
12584,1.19371e-12,155,155
12588,9.66338e-13,155,155
12592,8.52651e-13,155,155
12596,6.25278e-13,155,155
12600,5.68434e-13,155,155
12604,4.26326e-13,155,155
12608,3.69482e-13,155,155
12612,3.12639e-13,155,155
12616,2.27374e-13,155,155
12620,2.27374e-13,155,155
12624,1.42109e-13,155,155
12628,1.7053e-13,155,155
12632,8.52651e-14,155,155
12636,8.52651e-14,155,155
12640,5.68434e-14,155,155
12644,8.52651e-14,155,155
12649,2.84217e-14,155,155
12653,5.68434e-14,155,155
12657,2.84217e-14,155,155
12661,2.84217e-14,155,155
12665,2.84217e-14,155,155
12669,2.84217e-14,155,155
12673,2.84217e-14,155,155
12677,2.84217e-14,155,155
12681,2.84217e-14,155,155
12685,2.84217e-14,155,155
12689,2.84217e-14,155,155
12693,2.84217e-14,155,155
12697,2.84217e-14,155,155
12701,2.84217e-14,155,155
12705,2.84217e-14,155,155
12709,2.84217e-14,155,155
12713,2.84217e-14,155,155
12717,2.84217e-14,155,155
12721,2.84217e-14,155,155
12725,2.84217e-14,155,155
12729,2.84217e-14,155,155
12733,2.84217e-14,155,155
12737,2.84217e-14,155,155
12741,2.84217e-14,155,155
12745,2.84217e-14,155,155
12749,2.84217e-14,155,155
12753,2.84217e-14,155,155
12757,2.84217e-14,155,155
12761,2.84217e-14,155,155
12765,2.84217e-14,155,155
12769,2.84217e-14,155,155
12773,2.84217e-14,155,155
12773,2.84217e-14,155,155
12777,2.84217e-14,155,155
12781,2.84217e-14,155,155
12785,2.84217e-14,155,155
12789,2.84217e-14,155,155
12793,2.84217e-14,155,155
12797,2.84217e-14,155,155
12801,2.84217e-14,155,155
12806,2.84217e-14,155,155
12810,2.84217e-14,155,155
12814,2.84217e-14,155,155
12818,2.84217e-14,155,155
12822,2.84217e-14,155,155
12826,2.84217e-14,155,155
12830,2.84217e-14,155,155
12834,2.84217e-14,155,155
12838,2.84217e-14,155,155
12842,2.84217e-14,155,155
12846,2.84217e-14,155,155
12850,2.84217e-14,155,155
12854,2.84217e-14,155,155
12858,2.84217e-14,155,155
12862,2.84217e-14,155,155
12866,2.84217e-14,155,155
12870,2.84217e-14,155,155
12874,2.84217e-14,155,155
12878,2.84217e-14,155,155
12882,2.84217e-14,155,155
12886,2.84217e-14,155,155
12890,2.84217e-14,155,155
12894,2.84217e-14,155,155
12898,2.84217e-14,155,155
12902,2.84217e-14,155,155
12906,2.84217e-14,155,155
12910,2.84217e-14,155,155
12914,2.84217e-14,155,155
12918,2.84217e-14,155,155
12922,2.84217e-14,155,155
12926,2.84217e-14,155,155
12930,2.84217e-14,155,155
12934,2.84217e-14,155,155
12938,2.84217e-14,155,155
12942,2.84217e-14,155,155
12946,2.84217e-14,155,155
12950,2.84217e-14,155,155
12954,2.84217e-14,155,155
12958,2.84217e-14,155,155
12962,2.84217e-14,155,155
12966,2.84217e-14,155,155
12970,2.84217e-14,155,155
12974,2.84217e-14,155,155
12978,2.84217e-14,155,155
12982,2.84217e-14,155,155
12986,2.84217e-14,155,155
12990,2.84217e-14,155,155
12994,2.84217e-14,155,155
12998,2.84217e-14,155,155
13002,2.84217e-14,155,155
13006,2.84217e-14,155,155
13010,2.84217e-14,155,155
13014,2.84217e-14,155,155
13018,2.84217e-14,155,155
13022,2.84217e-14,155,155
13026,2.84217e-14,155,155
13030,2.84217e-14,155,155
13034,2.84217e-14,155,155
13038,2.84217e-14,155,155
13042,2.84217e-14,155,155
13046,2.84217e-14,155,155
13050,2.84217e-14,155,155
13054,2.84217e-14,155,155
13058,2.84217e-14,155,155
13062,2.84217e-14,155,155
13066,2.84217e-14,155,155
13070,2.84217e-14,155,155
13074,2.84217e-14,155,155
